year;month;town_id;districtId;district;neighborhoodId;neighborhood;value
2009;1;79;2;ARGANZUELA;2001;IMPERIAL;23311
2009;1;79;2;ARGANZUELA;2003;CHOPERA;21950
2009;1;79;2;ARGANZUELA;2007;ATOCHA;1063
2009;1;79;2;ARGANZUELA;2002;ACACIAS;38348
2009;1;79;2;ARGANZUELA;2006;PALOS DE MOGUER;28145
2009;1;79;2;ARGANZUELA;2004;LEGAZPI;15088
2009;1;79;2;ARGANZUELA;2005;DELICIAS;27128
2009;2;79;2;ARGANZUELA;2005;DELICIAS;27082
2009;2;79;2;ARGANZUELA;2003;CHOPERA;21855
2009;2;79;2;ARGANZUELA;2007;ATOCHA;1066
2009;2;79;2;ARGANZUELA;2004;LEGAZPI;15147
2009;2;79;2;ARGANZUELA;2001;IMPERIAL;23262
2009;2;79;2;ARGANZUELA;2002;ACACIAS;38312
2009;2;79;2;ARGANZUELA;2006;PALOS DE MOGUER;28109
2009;3;79;2;ARGANZUELA;2001;IMPERIAL;23264
2009;3;79;2;ARGANZUELA;2007;ATOCHA;1062
2009;3;79;2;ARGANZUELA;2005;DELICIAS;27101
2009;3;79;2;ARGANZUELA;2006;PALOS DE MOGUER;28035
2009;3;79;2;ARGANZUELA;2002;ACACIAS;38282
2009;3;79;2;ARGANZUELA;2003;CHOPERA;21838
2009;3;79;2;ARGANZUELA;2004;LEGAZPI;15267
2009;4;79;2;ARGANZUELA;2005;DELICIAS;27217
2009;4;79;2;ARGANZUELA;2001;IMPERIAL;23368
2009;4;79;2;ARGANZUELA;2006;PALOS DE MOGUER;28169
2009;4;79;2;ARGANZUELA;2007;ATOCHA;1058
2009;4;79;2;ARGANZUELA;2004;LEGAZPI;15370
2009;4;79;2;ARGANZUELA;2003;CHOPERA;21939
2009;4;79;2;ARGANZUELA;2002;ACACIAS;38371
2009;5;79;2;ARGANZUELA;2001;IMPERIAL;23308
2009;5;79;2;ARGANZUELA;2006;PALOS DE MOGUER;27997
2009;5;79;2;ARGANZUELA;2005;DELICIAS;27069
2009;5;79;2;ARGANZUELA;2003;CHOPERA;21812
2009;5;79;2;ARGANZUELA;2002;ACACIAS;38271
2009;5;79;2;ARGANZUELA;2004;LEGAZPI;15395
2009;5;79;2;ARGANZUELA;2007;ATOCHA;1045
2009;6;79;2;ARGANZUELA;2001;IMPERIAL;23329
2009;6;79;2;ARGANZUELA;2007;ATOCHA;1042
2009;6;79;2;ARGANZUELA;2005;DELICIAS;27007
2009;6;79;2;ARGANZUELA;2002;ACACIAS;38255
2009;6;79;2;ARGANZUELA;2006;PALOS DE MOGUER;27971
2009;6;79;2;ARGANZUELA;2003;CHOPERA;21826
2009;6;79;2;ARGANZUELA;2004;LEGAZPI;15448
2009;7;79;2;ARGANZUELA;2005;DELICIAS;27056
2009;7;79;2;ARGANZUELA;2003;CHOPERA;21791
2009;7;79;2;ARGANZUELA;2007;ATOCHA;1038
2009;7;79;2;ARGANZUELA;2001;IMPERIAL;23338
2009;7;79;2;ARGANZUELA;2004;LEGAZPI;15505
2009;7;79;2;ARGANZUELA;2006;PALOS DE MOGUER;27975
2009;7;79;2;ARGANZUELA;2002;ACACIAS;38268
2009;8;79;2;ARGANZUELA;2001;IMPERIAL;23311
2009;8;79;2;ARGANZUELA;2002;ACACIAS;38252
2009;8;79;2;ARGANZUELA;2003;CHOPERA;21754
2009;8;79;2;ARGANZUELA;2006;PALOS DE MOGUER;27953
2009;8;79;2;ARGANZUELA;2005;DELICIAS;27065
2009;8;79;2;ARGANZUELA;2007;ATOCHA;1035
2009;8;79;2;ARGANZUELA;2004;LEGAZPI;15592
2009;9;79;2;ARGANZUELA;2007;ATOCHA;1022
2009;9;79;2;ARGANZUELA;2001;IMPERIAL;23331
2009;9;79;2;ARGANZUELA;2006;PALOS DE MOGUER;27990
2009;9;79;2;ARGANZUELA;2003;CHOPERA;21782
2009;9;79;2;ARGANZUELA;2004;LEGAZPI;15747
2009;9;79;2;ARGANZUELA;2005;DELICIAS;27079
2009;9;79;2;ARGANZUELA;2002;ACACIAS;38269
2009;10;79;2;ARGANZUELA;2005;DELICIAS;27146
2009;10;79;2;ARGANZUELA;2001;IMPERIAL;23296
2009;10;79;2;ARGANZUELA;2003;CHOPERA;21795
2009;10;79;2;ARGANZUELA;2006;PALOS DE MOGUER;27990
2009;10;79;2;ARGANZUELA;2002;ACACIAS;38252
2009;10;79;2;ARGANZUELA;2007;ATOCHA;1018
2009;10;79;2;ARGANZUELA;2004;LEGAZPI;15813
2009;11;79;2;ARGANZUELA;2007;ATOCHA;1011
2009;11;79;2;ARGANZUELA;2003;CHOPERA;21726
2009;11;79;2;ARGANZUELA;2004;LEGAZPI;15852
2009;11;79;2;ARGANZUELA;2001;IMPERIAL;23274
2009;11;79;2;ARGANZUELA;2006;PALOS DE MOGUER;27953
2009;11;79;2;ARGANZUELA;2005;DELICIAS;27182
2009;11;79;2;ARGANZUELA;2002;ACACIAS;38236
2009;12;79;2;ARGANZUELA;2002;ACACIAS;38231
2009;12;79;2;ARGANZUELA;2007;ATOCHA;1008
2009;12;79;2;ARGANZUELA;2003;CHOPERA;21725
2009;12;79;2;ARGANZUELA;2006;PALOS DE MOGUER;28004
2009;12;79;2;ARGANZUELA;2005;DELICIAS;27215
2009;12;79;2;ARGANZUELA;2004;LEGAZPI;15958
2009;12;79;2;ARGANZUELA;2001;IMPERIAL;23288
2009;1;79;21;BARAJAS;21001;ALAMEDA DE OSUNA;20580
2009;1;79;21;BARAJAS;21002;AEROPUERTO;2144
2009;1;79;21;BARAJAS;21005;CORRALEJOS;6453
2009;1;79;21;BARAJAS;21004;TIMON;8123
2009;1;79;21;BARAJAS;21003;CASCO H.BARAJAS;7971
2009;2;79;21;BARAJAS;21004;TIMON;8139
2009;2;79;21;BARAJAS;21005;CORRALEJOS;6454
2009;2;79;21;BARAJAS;21001;ALAMEDA DE OSUNA;20582
2009;2;79;21;BARAJAS;21003;CASCO H.BARAJAS;7970
2009;2;79;21;BARAJAS;21002;AEROPUERTO;2138
2009;3;79;21;BARAJAS;21005;CORRALEJOS;6476
2009;3;79;21;BARAJAS;21004;TIMON;8177
2009;3;79;21;BARAJAS;21002;AEROPUERTO;2135
2009;3;79;21;BARAJAS;21001;ALAMEDA DE OSUNA;20567
2009;3;79;21;BARAJAS;21003;CASCO H.BARAJAS;7956
2009;4;79;21;BARAJAS;21002;AEROPUERTO;2157
2009;4;79;21;BARAJAS;21005;CORRALEJOS;6527
2009;4;79;21;BARAJAS;21001;ALAMEDA DE OSUNA;20629
2009;4;79;21;BARAJAS;21003;CASCO H.BARAJAS;8002
2009;4;79;21;BARAJAS;21004;TIMON;8253
2009;5;79;21;BARAJAS;21005;CORRALEJOS;6511
2009;5;79;21;BARAJAS;21001;ALAMEDA DE OSUNA;20517
2009;5;79;21;BARAJAS;21003;CASCO H.BARAJAS;7952
2009;5;79;21;BARAJAS;21004;TIMON;8243
2009;5;79;21;BARAJAS;21002;AEROPUERTO;2152
2009;6;79;21;BARAJAS;21001;ALAMEDA DE OSUNA;20504
2009;6;79;21;BARAJAS;21003;CASCO H.BARAJAS;7958
2009;6;79;21;BARAJAS;21004;TIMON;8279
2009;6;79;21;BARAJAS;21005;CORRALEJOS;6554
2009;6;79;21;BARAJAS;21002;AEROPUERTO;2138
2009;7;79;21;BARAJAS;21004;TIMON;8295
2009;7;79;21;BARAJAS;21005;CORRALEJOS;6583
2009;7;79;21;BARAJAS;21001;ALAMEDA DE OSUNA;20494
2009;7;79;21;BARAJAS;21003;CASCO H.BARAJAS;7946
2009;7;79;21;BARAJAS;21002;AEROPUERTO;2148
2009;8;79;21;BARAJAS;21001;ALAMEDA DE OSUNA;20479
2009;8;79;21;BARAJAS;21005;CORRALEJOS;6603
2009;8;79;21;BARAJAS;21003;CASCO H.BARAJAS;7928
2009;8;79;21;BARAJAS;21004;TIMON;8321
2009;8;79;21;BARAJAS;21002;AEROPUERTO;2149
2009;9;79;21;BARAJAS;21004;TIMON;8390
2009;9;79;21;BARAJAS;21002;AEROPUERTO;2162
2009;9;79;21;BARAJAS;21001;ALAMEDA DE OSUNA;20532
2009;9;79;21;BARAJAS;21005;CORRALEJOS;6672
2009;9;79;21;BARAJAS;21003;CASCO H.BARAJAS;7934
2009;10;79;21;BARAJAS;21001;ALAMEDA DE OSUNA;20542
2009;10;79;21;BARAJAS;21005;CORRALEJOS;6691
2009;10;79;21;BARAJAS;21002;AEROPUERTO;2174
2009;10;79;21;BARAJAS;21003;CASCO H.BARAJAS;7939
2009;10;79;21;BARAJAS;21004;TIMON;8425
2009;11;79;21;BARAJAS;21004;TIMON;8485
2009;11;79;21;BARAJAS;21005;CORRALEJOS;6713
2009;11;79;21;BARAJAS;21003;CASCO H.BARAJAS;7930
2009;11;79;21;BARAJAS;21001;ALAMEDA DE OSUNA;20547
2009;11;79;21;BARAJAS;21002;AEROPUERTO;2170
2009;12;79;21;BARAJAS;21003;CASCO H.BARAJAS;7945
2009;12;79;21;BARAJAS;21004;TIMON;8523
2009;12;79;21;BARAJAS;21001;ALAMEDA DE OSUNA;20586
2009;12;79;21;BARAJAS;21005;CORRALEJOS;6726
2009;12;79;21;BARAJAS;21002;AEROPUERTO;2180
2009;1;79;11;CARABANCHEL;11005;PUERTA BONITA;36116
2009;1;79;11;CARABANCHEL;11006;BUENAVISTA;42007
2009;1;79;11;CARABANCHEL;11004;VISTA ALEGRE;48877
2009;1;79;11;CARABANCHEL;11001;COMILLAS;24494
2009;1;79;11;CARABANCHEL;11003;SAN ISIDRO;40955
2009;1;79;11;CARABANCHEL;11002;OPAÑEL;33971
2009;1;79;11;CARABANCHEL;11007;ABRANTES;31541
2009;2;79;11;CARABANCHEL;11003;SAN ISIDRO;40836
2009;2;79;11;CARABANCHEL;11002;OPAÑEL;33813
2009;2;79;11;CARABANCHEL;11004;VISTA ALEGRE;48850
2009;2;79;11;CARABANCHEL;11001;COMILLAS;24496
2009;2;79;11;CARABANCHEL;11005;PUERTA BONITA;36133
2009;2;79;11;CARABANCHEL;11007;ABRANTES;31407
2009;2;79;11;CARABANCHEL;11006;BUENAVISTA;42064
2009;3;79;11;CARABANCHEL;11001;COMILLAS;24452
2009;3;79;11;CARABANCHEL;11002;OPAÑEL;33846
2009;3;79;11;CARABANCHEL;11004;VISTA ALEGRE;48845
2009;3;79;11;CARABANCHEL;11006;BUENAVISTA;42175
2009;3;79;11;CARABANCHEL;11007;ABRANTES;31375
2009;3;79;11;CARABANCHEL;11005;PUERTA BONITA;36061
2009;3;79;11;CARABANCHEL;11003;SAN ISIDRO;40774
2009;4;79;11;CARABANCHEL;11002;OPAÑEL;33973
2009;4;79;11;CARABANCHEL;11005;PUERTA BONITA;36211
2009;4;79;11;CARABANCHEL;11003;SAN ISIDRO;40954
2009;4;79;11;CARABANCHEL;11006;BUENAVISTA;42503
2009;4;79;11;CARABANCHEL;11001;COMILLAS;24607
2009;4;79;11;CARABANCHEL;11007;ABRANTES;31518
2009;4;79;11;CARABANCHEL;11004;VISTA ALEGRE;49123
2009;5;79;11;CARABANCHEL;11007;ABRANTES;31327
2009;5;79;11;CARABANCHEL;11004;VISTA ALEGRE;49002
2009;5;79;11;CARABANCHEL;11005;PUERTA BONITA;36033
2009;5;79;11;CARABANCHEL;11006;BUENAVISTA;42373
2009;5;79;11;CARABANCHEL;11002;OPAÑEL;33918
2009;5;79;11;CARABANCHEL;11003;SAN ISIDRO;40806
2009;5;79;11;CARABANCHEL;11001;COMILLAS;24449
2009;6;79;11;CARABANCHEL;11002;OPAÑEL;33947
2009;6;79;11;CARABANCHEL;11005;PUERTA BONITA;36059
2009;6;79;11;CARABANCHEL;11003;SAN ISIDRO;40820
2009;6;79;11;CARABANCHEL;11007;ABRANTES;31311
2009;6;79;11;CARABANCHEL;11001;COMILLAS;24405
2009;6;79;11;CARABANCHEL;11004;VISTA ALEGRE;48983
2009;6;79;11;CARABANCHEL;11006;BUENAVISTA;42480
2009;7;79;11;CARABANCHEL;11003;SAN ISIDRO;40862
2009;7;79;11;CARABANCHEL;11005;PUERTA BONITA;35982
2009;7;79;11;CARABANCHEL;11004;VISTA ALEGRE;48998
2009;7;79;11;CARABANCHEL;11002;OPAÑEL;34013
2009;7;79;11;CARABANCHEL;11007;ABRANTES;31343
2009;7;79;11;CARABANCHEL;11006;BUENAVISTA;42643
2009;7;79;11;CARABANCHEL;11001;COMILLAS;24319
2009;8;79;11;CARABANCHEL;11007;ABRANTES;31362
2009;8;79;11;CARABANCHEL;11005;PUERTA BONITA;35876
2009;8;79;11;CARABANCHEL;11004;VISTA ALEGRE;48911
2009;8;79;11;CARABANCHEL;11006;BUENAVISTA;42684
2009;8;79;11;CARABANCHEL;11002;OPAÑEL;34061
2009;8;79;11;CARABANCHEL;11003;SAN ISIDRO;40813
2009;8;79;11;CARABANCHEL;11001;COMILLAS;24235
2009;9;79;11;CARABANCHEL;11005;PUERTA BONITA;35874
2009;9;79;11;CARABANCHEL;11004;VISTA ALEGRE;48907
2009;9;79;11;CARABANCHEL;11003;SAN ISIDRO;40886
2009;9;79;11;CARABANCHEL;11002;OPAÑEL;34076
2009;9;79;11;CARABANCHEL;11006;BUENAVISTA;42791
2009;9;79;11;CARABANCHEL;11007;ABRANTES;31405
2009;9;79;11;CARABANCHEL;11001;COMILLAS;24277
2009;10;79;11;CARABANCHEL;11004;VISTA ALEGRE;48805
2009;10;79;11;CARABANCHEL;11002;OPAÑEL;34004
2009;10;79;11;CARABANCHEL;11001;COMILLAS;24243
2009;10;79;11;CARABANCHEL;11003;SAN ISIDRO;40840
2009;10;79;11;CARABANCHEL;11005;PUERTA BONITA;35768
2009;10;79;11;CARABANCHEL;11007;ABRANTES;31362
2009;10;79;11;CARABANCHEL;11006;BUENAVISTA;42823
2009;11;79;11;CARABANCHEL;11004;VISTA ALEGRE;48734
2009;11;79;11;CARABANCHEL;11006;BUENAVISTA;42894
2009;11;79;11;CARABANCHEL;11005;PUERTA BONITA;35695
2009;11;79;11;CARABANCHEL;11003;SAN ISIDRO;40790
2009;11;79;11;CARABANCHEL;11001;COMILLAS;24177
2009;11;79;11;CARABANCHEL;11002;OPAÑEL;33993
2009;11;79;11;CARABANCHEL;11007;ABRANTES;31339
2009;12;79;11;CARABANCHEL;11003;SAN ISIDRO;40804
2009;12;79;11;CARABANCHEL;11006;BUENAVISTA;42978
2009;12;79;11;CARABANCHEL;11007;ABRANTES;31347
2009;12;79;11;CARABANCHEL;11004;VISTA ALEGRE;48760
2009;12;79;11;CARABANCHEL;11005;PUERTA BONITA;35749
2009;12;79;11;CARABANCHEL;11002;OPAÑEL;33992
2009;12;79;11;CARABANCHEL;11001;COMILLAS;24162
2009;1;79;1;CENTRO;1006;SOL;8162
2009;1;79;1;CENTRO;1003;CORTES;11095
2009;1;79;1;CENTRO;1004;JUSTICIA;17280
2009;1;79;1;CENTRO;1005;UNIVERSIDAD;33617
2009;1;79;1;CENTRO;1002;EMBAJADORES;50425
2009;1;79;1;CENTRO;1001;PALACIO;23833
2009;2;79;1;CENTRO;1004;JUSTICIA;17309
2009;2;79;1;CENTRO;1001;PALACIO;23748
2009;2;79;1;CENTRO;1005;UNIVERSIDAD;33481
2009;2;79;1;CENTRO;1003;CORTES;11122
2009;2;79;1;CENTRO;1002;EMBAJADORES;50294
2009;2;79;1;CENTRO;1006;SOL;8129
2009;3;79;1;CENTRO;1005;UNIVERSIDAD;33441
2009;3;79;1;CENTRO;1004;JUSTICIA;17284
2009;3;79;1;CENTRO;1003;CORTES;11134
2009;3;79;1;CENTRO;1006;SOL;8145
2009;3;79;1;CENTRO;1002;EMBAJADORES;50293
2009;3;79;1;CENTRO;1001;PALACIO;23757
2009;4;79;1;CENTRO;1002;EMBAJADORES;50653
2009;4;79;1;CENTRO;1004;JUSTICIA;17380
2009;4;79;1;CENTRO;1001;PALACIO;23824
2009;4;79;1;CENTRO;1006;SOL;8200
2009;4;79;1;CENTRO;1005;UNIVERSIDAD;33567
2009;4;79;1;CENTRO;1003;CORTES;11165
2009;5;79;1;CENTRO;1001;PALACIO;23749
2009;5;79;1;CENTRO;1004;JUSTICIA;17329
2009;5;79;1;CENTRO;1006;SOL;8144
2009;5;79;1;CENTRO;1002;EMBAJADORES;50312
2009;5;79;1;CENTRO;1005;UNIVERSIDAD;33515
2009;5;79;1;CENTRO;1003;CORTES;11061
2009;6;79;1;CENTRO;1002;EMBAJADORES;50365
2009;6;79;1;CENTRO;1005;UNIVERSIDAD;33548
2009;6;79;1;CENTRO;1006;SOL;8144
2009;6;79;1;CENTRO;1004;JUSTICIA;17377
2009;6;79;1;CENTRO;1001;PALACIO;23719
2009;6;79;1;CENTRO;1003;CORTES;11063
2009;7;79;1;CENTRO;1006;SOL;8132
2009;7;79;1;CENTRO;1001;PALACIO;23678
2009;7;79;1;CENTRO;1004;JUSTICIA;17400
2009;7;79;1;CENTRO;1002;EMBAJADORES;50331
2009;7;79;1;CENTRO;1005;UNIVERSIDAD;33567
2009;7;79;1;CENTRO;1003;CORTES;11081
2009;8;79;1;CENTRO;1001;PALACIO;23666
2009;8;79;1;CENTRO;1004;JUSTICIA;17395
2009;8;79;1;CENTRO;1006;SOL;8115
2009;8;79;1;CENTRO;1003;CORTES;11099
2009;8;79;1;CENTRO;1005;UNIVERSIDAD;33575
2009;8;79;1;CENTRO;1002;EMBAJADORES;50337
2009;9;79;1;CENTRO;1002;EMBAJADORES;50396
2009;9;79;1;CENTRO;1003;CORTES;11109
2009;9;79;1;CENTRO;1006;SOL;8166
2009;9;79;1;CENTRO;1004;JUSTICIA;17415
2009;9;79;1;CENTRO;1001;PALACIO;23617
2009;9;79;1;CENTRO;1005;UNIVERSIDAD;33592
2009;10;79;1;CENTRO;1002;EMBAJADORES;50451
2009;10;79;1;CENTRO;1003;CORTES;11134
2009;10;79;1;CENTRO;1006;SOL;8172
2009;10;79;1;CENTRO;1004;JUSTICIA;17434
2009;10;79;1;CENTRO;1005;UNIVERSIDAD;33630
2009;10;79;1;CENTRO;1001;PALACIO;23629
2009;11;79;1;CENTRO;1004;JUSTICIA;17488
2009;11;79;1;CENTRO;1006;SOL;8132
2009;11;79;1;CENTRO;1003;CORTES;11130
2009;11;79;1;CENTRO;1001;PALACIO;23617
2009;11;79;1;CENTRO;1002;EMBAJADORES;50371
2009;11;79;1;CENTRO;1005;UNIVERSIDAD;33645
2009;12;79;1;CENTRO;1002;EMBAJADORES;50493
2009;12;79;1;CENTRO;1005;UNIVERSIDAD;33678
2009;12;79;1;CENTRO;1003;CORTES;11172
2009;12;79;1;CENTRO;1006;SOL;8156
2009;12;79;1;CENTRO;1004;JUSTICIA;17544
2009;12;79;1;CENTRO;1001;PALACIO;23718
2009;1;79;5;CHAMARTIN;5006;CASTILLA;17168
2009;1;79;5;CHAMARTIN;5004;HISPANOAMERICA;31802
2009;1;79;5;CHAMARTIN;5003;CIUDAD JARDIN;19042
2009;1;79;5;CHAMARTIN;5001;EL VISO;16595
2009;1;79;5;CHAMARTIN;5005;NUEVA ESPAÑA;23905
2009;1;79;5;CHAMARTIN;5002;PROSPERIDAD;38463
2009;2;79;5;CHAMARTIN;5003;CIUDAD JARDIN;19026
2009;2;79;5;CHAMARTIN;5005;NUEVA ESPAÑA;23926
2009;2;79;5;CHAMARTIN;5004;HISPANOAMERICA;31781
2009;2;79;5;CHAMARTIN;5006;CASTILLA;17142
2009;2;79;5;CHAMARTIN;5002;PROSPERIDAD;38451
2009;2;79;5;CHAMARTIN;5001;EL VISO;16574
2009;3;79;5;CHAMARTIN;5005;NUEVA ESPAÑA;23988
2009;3;79;5;CHAMARTIN;5003;CIUDAD JARDIN;19049
2009;3;79;5;CHAMARTIN;5001;EL VISO;16533
2009;3;79;5;CHAMARTIN;5002;PROSPERIDAD;38440
2009;3;79;5;CHAMARTIN;5004;HISPANOAMERICA;31786
2009;3;79;5;CHAMARTIN;5006;CASTILLA;17191
2009;4;79;5;CHAMARTIN;5006;CASTILLA;17221
2009;4;79;5;CHAMARTIN;5003;CIUDAD JARDIN;19101
2009;4;79;5;CHAMARTIN;5004;HISPANOAMERICA;31930
2009;4;79;5;CHAMARTIN;5005;NUEVA ESPAÑA;24097
2009;4;79;5;CHAMARTIN;5001;EL VISO;16594
2009;4;79;5;CHAMARTIN;5002;PROSPERIDAD;38516
2009;5;79;5;CHAMARTIN;5003;CIUDAD JARDIN;19051
2009;5;79;5;CHAMARTIN;5005;NUEVA ESPAÑA;23962
2009;5;79;5;CHAMARTIN;5002;PROSPERIDAD;38397
2009;5;79;5;CHAMARTIN;5004;HISPANOAMERICA;31794
2009;5;79;5;CHAMARTIN;5001;EL VISO;16551
2009;5;79;5;CHAMARTIN;5006;CASTILLA;17170
2009;6;79;5;CHAMARTIN;5001;EL VISO;16552
2009;6;79;5;CHAMARTIN;5003;CIUDAD JARDIN;19029
2009;6;79;5;CHAMARTIN;5002;PROSPERIDAD;38385
2009;6;79;5;CHAMARTIN;5006;CASTILLA;17184
2009;6;79;5;CHAMARTIN;5005;NUEVA ESPAÑA;23937
2009;6;79;5;CHAMARTIN;5004;HISPANOAMERICA;31808
2009;7;79;5;CHAMARTIN;5005;NUEVA ESPAÑA;23949
2009;7;79;5;CHAMARTIN;5001;EL VISO;16515
2009;7;79;5;CHAMARTIN;5004;HISPANOAMERICA;31780
2009;7;79;5;CHAMARTIN;5002;PROSPERIDAD;38451
2009;7;79;5;CHAMARTIN;5003;CIUDAD JARDIN;19021
2009;7;79;5;CHAMARTIN;5006;CASTILLA;17145
2009;8;79;5;CHAMARTIN;5002;PROSPERIDAD;38454
2009;8;79;5;CHAMARTIN;5005;NUEVA ESPAÑA;23927
2009;8;79;5;CHAMARTIN;5003;CIUDAD JARDIN;19037
2009;8;79;5;CHAMARTIN;5001;EL VISO;16514
2009;8;79;5;CHAMARTIN;5006;CASTILLA;17128
2009;8;79;5;CHAMARTIN;5004;HISPANOAMERICA;31787
2009;9;79;5;CHAMARTIN;5006;CASTILLA;17126
2009;9;79;5;CHAMARTIN;5005;NUEVA ESPAÑA;23897
2009;9;79;5;CHAMARTIN;5004;HISPANOAMERICA;31821
2009;9;79;5;CHAMARTIN;5003;CIUDAD JARDIN;19020
2009;9;79;5;CHAMARTIN;5002;PROSPERIDAD;38462
2009;9;79;5;CHAMARTIN;5001;EL VISO;16568
2009;10;79;5;CHAMARTIN;5006;CASTILLA;17169
2009;10;79;5;CHAMARTIN;5001;EL VISO;16577
2009;10;79;5;CHAMARTIN;5003;CIUDAD JARDIN;19015
2009;10;79;5;CHAMARTIN;5002;PROSPERIDAD;38371
2009;10;79;5;CHAMARTIN;5005;NUEVA ESPAÑA;23898
2009;10;79;5;CHAMARTIN;5004;HISPANOAMERICA;31828
2009;11;79;5;CHAMARTIN;5004;HISPANOAMERICA;31798
2009;11;79;5;CHAMARTIN;5006;CASTILLA;17168
2009;11;79;5;CHAMARTIN;5005;NUEVA ESPAÑA;23864
2009;11;79;5;CHAMARTIN;5001;EL VISO;16597
2009;11;79;5;CHAMARTIN;5003;CIUDAD JARDIN;19001
2009;11;79;5;CHAMARTIN;5002;PROSPERIDAD;38270
2009;12;79;5;CHAMARTIN;5001;EL VISO;16602
2009;12;79;5;CHAMARTIN;5003;CIUDAD JARDIN;19029
2009;12;79;5;CHAMARTIN;5004;HISPANOAMERICA;31814
2009;12;79;5;CHAMARTIN;5002;PROSPERIDAD;38333
2009;12;79;5;CHAMARTIN;5005;NUEVA ESPAÑA;23913
2009;12;79;5;CHAMARTIN;5006;CASTILLA;17208
2009;1;79;7;CHAMBERI;7003;TRAFALGAR;26523
2009;1;79;7;CHAMBERI;7004;ALMAGRO;20386
2009;1;79;7;CHAMBERI;7001;GAZTAMBIDE;24466
2009;1;79;7;CHAMBERI;7006;VALLEHERMOSO;20607
2009;1;79;7;CHAMBERI;7002;ARAPILES;26297
2009;1;79;7;CHAMBERI;7005;RIOS ROSAS;28261
2009;2;79;7;CHAMBERI;7002;ARAPILES;26241
2009;2;79;7;CHAMBERI;7005;RIOS ROSAS;28174
2009;2;79;7;CHAMBERI;7003;TRAFALGAR;26492
2009;2;79;7;CHAMBERI;7001;GAZTAMBIDE;24465
2009;2;79;7;CHAMBERI;7004;ALMAGRO;20327
2009;2;79;7;CHAMBERI;7006;VALLEHERMOSO;20603
2009;3;79;7;CHAMBERI;7005;RIOS ROSAS;28155
2009;3;79;7;CHAMBERI;7002;ARAPILES;26234
2009;3;79;7;CHAMBERI;7001;GAZTAMBIDE;24453
2009;3;79;7;CHAMBERI;7006;VALLEHERMOSO;20591
2009;3;79;7;CHAMBERI;7003;TRAFALGAR;26425
2009;3;79;7;CHAMBERI;7004;ALMAGRO;20282
2009;4;79;7;CHAMBERI;7002;ARAPILES;26312
2009;4;79;7;CHAMBERI;7003;TRAFALGAR;26529
2009;4;79;7;CHAMBERI;7001;GAZTAMBIDE;24531
2009;4;79;7;CHAMBERI;7006;VALLEHERMOSO;20629
2009;4;79;7;CHAMBERI;7005;RIOS ROSAS;28198
2009;4;79;7;CHAMBERI;7004;ALMAGRO;20400
2009;5;79;7;CHAMBERI;7001;GAZTAMBIDE;24459
2009;5;79;7;CHAMBERI;7006;VALLEHERMOSO;20580
2009;5;79;7;CHAMBERI;7002;ARAPILES;26171
2009;5;79;7;CHAMBERI;7003;TRAFALGAR;26409
2009;5;79;7;CHAMBERI;7005;RIOS ROSAS;28098
2009;5;79;7;CHAMBERI;7004;ALMAGRO;20346
2009;6;79;7;CHAMBERI;7001;GAZTAMBIDE;24388
2009;6;79;7;CHAMBERI;7006;VALLEHERMOSO;20564
2009;6;79;7;CHAMBERI;7004;ALMAGRO;20362
2009;6;79;7;CHAMBERI;7003;TRAFALGAR;26349
2009;6;79;7;CHAMBERI;7002;ARAPILES;26120
2009;6;79;7;CHAMBERI;7005;RIOS ROSAS;28060
2009;7;79;7;CHAMBERI;7004;ALMAGRO;20343
2009;7;79;7;CHAMBERI;7003;TRAFALGAR;26327
2009;7;79;7;CHAMBERI;7002;ARAPILES;26125
2009;7;79;7;CHAMBERI;7006;VALLEHERMOSO;20587
2009;7;79;7;CHAMBERI;7001;GAZTAMBIDE;24314
2009;7;79;7;CHAMBERI;7005;RIOS ROSAS;28074
2009;8;79;7;CHAMBERI;7004;ALMAGRO;20308
2009;8;79;7;CHAMBERI;7003;TRAFALGAR;26237
2009;8;79;7;CHAMBERI;7001;GAZTAMBIDE;24293
2009;8;79;7;CHAMBERI;7006;VALLEHERMOSO;20565
2009;8;79;7;CHAMBERI;7005;RIOS ROSAS;28005
2009;8;79;7;CHAMBERI;7002;ARAPILES;26047
2009;9;79;7;CHAMBERI;7005;RIOS ROSAS;28065
2009;9;79;7;CHAMBERI;7003;TRAFALGAR;26263
2009;9;79;7;CHAMBERI;7002;ARAPILES;26055
2009;9;79;7;CHAMBERI;7001;GAZTAMBIDE;24384
2009;9;79;7;CHAMBERI;7006;VALLEHERMOSO;20580
2009;9;79;7;CHAMBERI;7004;ALMAGRO;20346
2009;10;79;7;CHAMBERI;7005;RIOS ROSAS;28123
2009;10;79;7;CHAMBERI;7002;ARAPILES;26005
2009;10;79;7;CHAMBERI;7001;GAZTAMBIDE;24366
2009;10;79;7;CHAMBERI;7006;VALLEHERMOSO;20577
2009;10;79;7;CHAMBERI;7004;ALMAGRO;20389
2009;10;79;7;CHAMBERI;7003;TRAFALGAR;26297
2009;11;79;7;CHAMBERI;7003;TRAFALGAR;26264
2009;11;79;7;CHAMBERI;7004;ALMAGRO;20411
2009;11;79;7;CHAMBERI;7001;GAZTAMBIDE;24327
2009;11;79;7;CHAMBERI;7005;RIOS ROSAS;28166
2009;11;79;7;CHAMBERI;7006;VALLEHERMOSO;20546
2009;11;79;7;CHAMBERI;7002;ARAPILES;26013
2009;12;79;7;CHAMBERI;7004;ALMAGRO;20408
2009;12;79;7;CHAMBERI;7006;VALLEHERMOSO;20594
2009;12;79;7;CHAMBERI;7002;ARAPILES;26033
2009;12;79;7;CHAMBERI;7003;TRAFALGAR;26279
2009;12;79;7;CHAMBERI;7005;RIOS ROSAS;28190
2009;12;79;7;CHAMBERI;7001;GAZTAMBIDE;24351
2009;1;79;15;CIUDAD LINEAL;15002;PUEBLO NUEVO;65702
2009;1;79;15;CIUDAD LINEAL;15007;COLINA;6280
2009;1;79;15;CIUDAD LINEAL;15009;COSTILLARES;23108
2009;1;79;15;CIUDAD LINEAL;15004;CONCEPCION;22123
2009;1;79;15;CIUDAD LINEAL;15006;SAN JUAN BAUTISTA;12865
2009;1;79;15;CIUDAD LINEAL;15005;SAN PASCUAL;19895
2009;1;79;15;CIUDAD LINEAL;15008;ATALAYA;1690
2009;1;79;15;CIUDAD LINEAL;15003;QUINTANA;26073
2009;1;79;15;CIUDAD LINEAL;15001;VENTAS;52511
2009;2;79;15;CIUDAD LINEAL;15005;SAN PASCUAL;19871
2009;2;79;15;CIUDAD LINEAL;15009;COSTILLARES;23083
2009;2;79;15;CIUDAD LINEAL;15003;QUINTANA;26013
2009;2;79;15;CIUDAD LINEAL;15002;PUEBLO NUEVO;65579
2009;2;79;15;CIUDAD LINEAL;15001;VENTAS;52348
2009;2;79;15;CIUDAD LINEAL;15006;SAN JUAN BAUTISTA;12850
2009;2;79;15;CIUDAD LINEAL;15008;ATALAYA;1696
2009;2;79;15;CIUDAD LINEAL;15004;CONCEPCION;22054
2009;2;79;15;CIUDAD LINEAL;15007;COLINA;6266
2009;3;79;15;CIUDAD LINEAL;15002;PUEBLO NUEVO;65564
2009;3;79;15;CIUDAD LINEAL;15003;QUINTANA;26000
2009;3;79;15;CIUDAD LINEAL;15005;SAN PASCUAL;19891
2009;3;79;15;CIUDAD LINEAL;15004;CONCEPCION;22085
2009;3;79;15;CIUDAD LINEAL;15006;SAN JUAN BAUTISTA;12877
2009;3;79;15;CIUDAD LINEAL;15009;COSTILLARES;23106
2009;3;79;15;CIUDAD LINEAL;15008;ATALAYA;1711
2009;3;79;15;CIUDAD LINEAL;15007;COLINA;6263
2009;3;79;15;CIUDAD LINEAL;15001;VENTAS;52287
2009;4;79;15;CIUDAD LINEAL;15003;QUINTANA;26118
2009;4;79;15;CIUDAD LINEAL;15006;SAN JUAN BAUTISTA;12918
2009;4;79;15;CIUDAD LINEAL;15009;COSTILLARES;23191
2009;4;79;15;CIUDAD LINEAL;15005;SAN PASCUAL;19934
2009;4;79;15;CIUDAD LINEAL;15008;ATALAYA;1735
2009;4;79;15;CIUDAD LINEAL;15002;PUEBLO NUEVO;65835
2009;4;79;15;CIUDAD LINEAL;15001;VENTAS;52458
2009;4;79;15;CIUDAD LINEAL;15007;COLINA;6321
2009;4;79;15;CIUDAD LINEAL;15004;CONCEPCION;22168
2009;5;79;15;CIUDAD LINEAL;15003;QUINTANA;26065
2009;5;79;15;CIUDAD LINEAL;15006;SAN JUAN BAUTISTA;12891
2009;5;79;15;CIUDAD LINEAL;15001;VENTAS;52248
2009;5;79;15;CIUDAD LINEAL;15008;ATALAYA;1734
2009;5;79;15;CIUDAD LINEAL;15009;COSTILLARES;23115
2009;5;79;15;CIUDAD LINEAL;15007;COLINA;6265
2009;5;79;15;CIUDAD LINEAL;15005;SAN PASCUAL;19864
2009;5;79;15;CIUDAD LINEAL;15002;PUEBLO NUEVO;65573
2009;5;79;15;CIUDAD LINEAL;15004;CONCEPCION;22098
2009;6;79;15;CIUDAD LINEAL;15006;SAN JUAN BAUTISTA;12891
2009;6;79;15;CIUDAD LINEAL;15009;COSTILLARES;23131
2009;6;79;15;CIUDAD LINEAL;15008;ATALAYA;1735
2009;6;79;15;CIUDAD LINEAL;15007;COLINA;6272
2009;6;79;15;CIUDAD LINEAL;15004;CONCEPCION;22057
2009;6;79;15;CIUDAD LINEAL;15001;VENTAS;52197
2009;6;79;15;CIUDAD LINEAL;15003;QUINTANA;26067
2009;6;79;15;CIUDAD LINEAL;15005;SAN PASCUAL;19844
2009;6;79;15;CIUDAD LINEAL;15002;PUEBLO NUEVO;65595
2009;7;79;15;CIUDAD LINEAL;15001;VENTAS;52182
2009;7;79;15;CIUDAD LINEAL;15005;SAN PASCUAL;19868
2009;7;79;15;CIUDAD LINEAL;15007;COLINA;6268
2009;7;79;15;CIUDAD LINEAL;15008;ATALAYA;1745
2009;7;79;15;CIUDAD LINEAL;15009;COSTILLARES;23146
2009;7;79;15;CIUDAD LINEAL;15002;PUEBLO NUEVO;65579
2009;7;79;15;CIUDAD LINEAL;15006;SAN JUAN BAUTISTA;12872
2009;7;79;15;CIUDAD LINEAL;15003;QUINTANA;26029
2009;7;79;15;CIUDAD LINEAL;15004;CONCEPCION;22066
2009;8;79;15;CIUDAD LINEAL;15003;QUINTANA;26027
2009;8;79;15;CIUDAD LINEAL;15004;CONCEPCION;22090
2009;8;79;15;CIUDAD LINEAL;15007;COLINA;6275
2009;8;79;15;CIUDAD LINEAL;15009;COSTILLARES;23166
2009;8;79;15;CIUDAD LINEAL;15001;VENTAS;52134
2009;8;79;15;CIUDAD LINEAL;15006;SAN JUAN BAUTISTA;12873
2009;8;79;15;CIUDAD LINEAL;15002;PUEBLO NUEVO;65529
2009;8;79;15;CIUDAD LINEAL;15008;ATALAYA;1751
2009;8;79;15;CIUDAD LINEAL;15005;SAN PASCUAL;19835
2009;9;79;15;CIUDAD LINEAL;15009;COSTILLARES;23193
2009;9;79;15;CIUDAD LINEAL;15008;ATALAYA;1737
2009;9;79;15;CIUDAD LINEAL;15002;PUEBLO NUEVO;65522
2009;9;79;15;CIUDAD LINEAL;15005;SAN PASCUAL;19828
2009;9;79;15;CIUDAD LINEAL;15003;QUINTANA;26039
2009;9;79;15;CIUDAD LINEAL;15001;VENTAS;52179
2009;9;79;15;CIUDAD LINEAL;15007;COLINA;6296
2009;9;79;15;CIUDAD LINEAL;15004;CONCEPCION;22086
2009;9;79;15;CIUDAD LINEAL;15006;SAN JUAN BAUTISTA;12911
2009;10;79;15;CIUDAD LINEAL;15001;VENTAS;52140
2009;10;79;15;CIUDAD LINEAL;15004;CONCEPCION;22065
2009;10;79;15;CIUDAD LINEAL;15003;QUINTANA;26025
2009;10;79;15;CIUDAD LINEAL;15006;SAN JUAN BAUTISTA;12927
2009;10;79;15;CIUDAD LINEAL;15009;COSTILLARES;23167
2009;10;79;15;CIUDAD LINEAL;15005;SAN PASCUAL;19766
2009;10;79;15;CIUDAD LINEAL;15007;COLINA;6284
2009;10;79;15;CIUDAD LINEAL;15002;PUEBLO NUEVO;65498
2009;10;79;15;CIUDAD LINEAL;15008;ATALAYA;1725
2009;11;79;15;CIUDAD LINEAL;15001;VENTAS;52153
2009;11;79;15;CIUDAD LINEAL;15003;QUINTANA;26025
2009;11;79;15;CIUDAD LINEAL;15005;SAN PASCUAL;19752
2009;11;79;15;CIUDAD LINEAL;15004;CONCEPCION;22006
2009;11;79;15;CIUDAD LINEAL;15009;COSTILLARES;23158
2009;11;79;15;CIUDAD LINEAL;15006;SAN JUAN BAUTISTA;12929
2009;11;79;15;CIUDAD LINEAL;15007;COLINA;6270
2009;11;79;15;CIUDAD LINEAL;15002;PUEBLO NUEVO;65402
2009;11;79;15;CIUDAD LINEAL;15008;ATALAYA;1725
2009;12;79;15;CIUDAD LINEAL;15002;PUEBLO NUEVO;65553
2009;12;79;15;CIUDAD LINEAL;15007;COLINA;6279
2009;12;79;15;CIUDAD LINEAL;15008;ATALAYA;1733
2009;12;79;15;CIUDAD LINEAL;15004;CONCEPCION;22038
2009;12;79;15;CIUDAD LINEAL;15001;VENTAS;52206
2009;12;79;15;CIUDAD LINEAL;15009;COSTILLARES;23186
2009;12;79;15;CIUDAD LINEAL;15003;QUINTANA;26068
2009;12;79;15;CIUDAD LINEAL;15005;SAN PASCUAL;19727
2009;12;79;15;CIUDAD LINEAL;15006;SAN JUAN BAUTISTA;12947
2009;1;79;8;FUENCARRAL-EL PARDO;8003;PEÑA GRANDE;46230
2009;1;79;8;FUENCARRAL-EL PARDO;8007;MIRASIERRA;28540
2009;1;79;8;FUENCARRAL-EL PARDO;8004;EL PILAR;49933
2009;1;79;8;FUENCARRAL-EL PARDO;8002;FUENTELARREINA;3248
2009;1;79;8;FUENCARRAL-EL PARDO;8001;EL PARDO;3627
2009;1;79;8;FUENCARRAL-EL PARDO;8006;VALVERDE;48970
2009;1;79;8;FUENCARRAL-EL PARDO;8008;EL GOLOSO;10038
2009;1;79;8;FUENCARRAL-EL PARDO;8005;LA PAZ;36432
2009;2;79;8;FUENCARRAL-EL PARDO;8003;PEÑA GRANDE;46210
2009;2;79;8;FUENCARRAL-EL PARDO;8007;MIRASIERRA;28595
2009;2;79;8;FUENCARRAL-EL PARDO;8008;EL GOLOSO;10175
2009;2;79;8;FUENCARRAL-EL PARDO;8001;EL PARDO;3624
2009;2;79;8;FUENCARRAL-EL PARDO;8006;VALVERDE;49212
2009;2;79;8;FUENCARRAL-EL PARDO;8002;FUENTELARREINA;3254
2009;2;79;8;FUENCARRAL-EL PARDO;8005;LA PAZ;36338
2009;2;79;8;FUENCARRAL-EL PARDO;8004;EL PILAR;49788
2009;3;79;8;FUENCARRAL-EL PARDO;8001;EL PARDO;3610
2009;3;79;8;FUENCARRAL-EL PARDO;8005;LA PAZ;36344
2009;3;79;8;FUENCARRAL-EL PARDO;8002;FUENTELARREINA;3241
2009;3;79;8;FUENCARRAL-EL PARDO;8007;MIRASIERRA;28560
2009;3;79;8;FUENCARRAL-EL PARDO;8008;EL GOLOSO;10296
2009;3;79;8;FUENCARRAL-EL PARDO;8004;EL PILAR;49685
2009;3;79;8;FUENCARRAL-EL PARDO;8006;VALVERDE;49502
2009;3;79;8;FUENCARRAL-EL PARDO;8003;PEÑA GRANDE;46175
2009;4;79;8;FUENCARRAL-EL PARDO;8007;MIRASIERRA;28723
2009;4;79;8;FUENCARRAL-EL PARDO;8001;EL PARDO;3616
2009;4;79;8;FUENCARRAL-EL PARDO;8003;PEÑA GRANDE;46360
2009;4;79;8;FUENCARRAL-EL PARDO;8006;VALVERDE;50177
2009;4;79;8;FUENCARRAL-EL PARDO;8004;EL PILAR;49810
2009;4;79;8;FUENCARRAL-EL PARDO;8002;FUENTELARREINA;3256
2009;4;79;8;FUENCARRAL-EL PARDO;8008;EL GOLOSO;10524
2009;4;79;8;FUENCARRAL-EL PARDO;8005;LA PAZ;36399
2009;5;79;8;FUENCARRAL-EL PARDO;8004;EL PILAR;49642
2009;5;79;8;FUENCARRAL-EL PARDO;8002;FUENTELARREINA;3257
2009;5;79;8;FUENCARRAL-EL PARDO;8003;PEÑA GRANDE;46236
2009;5;79;8;FUENCARRAL-EL PARDO;8007;MIRASIERRA;28620
2009;5;79;8;FUENCARRAL-EL PARDO;8001;EL PARDO;3589
2009;5;79;8;FUENCARRAL-EL PARDO;8008;EL GOLOSO;10588
2009;5;79;8;FUENCARRAL-EL PARDO;8006;VALVERDE;50226
2009;5;79;8;FUENCARRAL-EL PARDO;8005;LA PAZ;36292
2009;6;79;8;FUENCARRAL-EL PARDO;8002;FUENTELARREINA;3271
2009;6;79;8;FUENCARRAL-EL PARDO;8007;MIRASIERRA;28639
2009;6;79;8;FUENCARRAL-EL PARDO;8004;EL PILAR;49585
2009;6;79;8;FUENCARRAL-EL PARDO;8005;LA PAZ;36266
2009;6;79;8;FUENCARRAL-EL PARDO;8006;VALVERDE;50493
2009;6;79;8;FUENCARRAL-EL PARDO;8008;EL GOLOSO;10677
2009;6;79;8;FUENCARRAL-EL PARDO;8001;EL PARDO;3596
2009;6;79;8;FUENCARRAL-EL PARDO;8003;PEÑA GRANDE;46196
2009;7;79;8;FUENCARRAL-EL PARDO;8006;VALVERDE;50732
2009;7;79;8;FUENCARRAL-EL PARDO;8003;PEÑA GRANDE;46271
2009;7;79;8;FUENCARRAL-EL PARDO;8007;MIRASIERRA;28667
2009;7;79;8;FUENCARRAL-EL PARDO;8001;EL PARDO;3582
2009;7;79;8;FUENCARRAL-EL PARDO;8005;LA PAZ;36263
2009;7;79;8;FUENCARRAL-EL PARDO;8002;FUENTELARREINA;3266
2009;7;79;8;FUENCARRAL-EL PARDO;8008;EL GOLOSO;10743
2009;7;79;8;FUENCARRAL-EL PARDO;8004;EL PILAR;49539
2009;8;79;8;FUENCARRAL-EL PARDO;8005;LA PAZ;36226
2009;8;79;8;FUENCARRAL-EL PARDO;8007;MIRASIERRA;28682
2009;8;79;8;FUENCARRAL-EL PARDO;8001;EL PARDO;3573
2009;8;79;8;FUENCARRAL-EL PARDO;8004;EL PILAR;49479
2009;8;79;8;FUENCARRAL-EL PARDO;8006;VALVERDE;50967
2009;8;79;8;FUENCARRAL-EL PARDO;8002;FUENTELARREINA;3259
2009;8;79;8;FUENCARRAL-EL PARDO;8008;EL GOLOSO;10809
2009;8;79;8;FUENCARRAL-EL PARDO;8003;PEÑA GRANDE;46250
2009;9;79;8;FUENCARRAL-EL PARDO;8004;EL PILAR;49470
2009;9;79;8;FUENCARRAL-EL PARDO;8003;PEÑA GRANDE;46284
2009;9;79;8;FUENCARRAL-EL PARDO;8005;LA PAZ;36257
2009;9;79;8;FUENCARRAL-EL PARDO;8008;EL GOLOSO;10899
2009;9;79;8;FUENCARRAL-EL PARDO;8002;FUENTELARREINA;3253
2009;9;79;8;FUENCARRAL-EL PARDO;8001;EL PARDO;3570
2009;9;79;8;FUENCARRAL-EL PARDO;8006;VALVERDE;51224
2009;9;79;8;FUENCARRAL-EL PARDO;8007;MIRASIERRA;28729
2009;10;79;8;FUENCARRAL-EL PARDO;8008;EL GOLOSO;10974
2009;10;79;8;FUENCARRAL-EL PARDO;8001;EL PARDO;3566
2009;10;79;8;FUENCARRAL-EL PARDO;8002;FUENTELARREINA;3240
2009;10;79;8;FUENCARRAL-EL PARDO;8005;LA PAZ;36246
2009;10;79;8;FUENCARRAL-EL PARDO;8004;EL PILAR;49427
2009;10;79;8;FUENCARRAL-EL PARDO;8007;MIRASIERRA;28739
2009;10;79;8;FUENCARRAL-EL PARDO;8006;VALVERDE;51448
2009;10;79;8;FUENCARRAL-EL PARDO;8003;PEÑA GRANDE;46228
2009;11;79;8;FUENCARRAL-EL PARDO;8003;PEÑA GRANDE;46232
2009;11;79;8;FUENCARRAL-EL PARDO;8006;VALVERDE;51521
2009;11;79;8;FUENCARRAL-EL PARDO;8008;EL GOLOSO;11048
2009;11;79;8;FUENCARRAL-EL PARDO;8004;EL PILAR;49355
2009;11;79;8;FUENCARRAL-EL PARDO;8001;EL PARDO;3555
2009;11;79;8;FUENCARRAL-EL PARDO;8007;MIRASIERRA;28754
2009;11;79;8;FUENCARRAL-EL PARDO;8002;FUENTELARREINA;3233
2009;11;79;8;FUENCARRAL-EL PARDO;8005;LA PAZ;36239
2009;12;79;8;FUENCARRAL-EL PARDO;8008;EL GOLOSO;11113
2009;12;79;8;FUENCARRAL-EL PARDO;8005;LA PAZ;36280
2009;12;79;8;FUENCARRAL-EL PARDO;8002;FUENTELARREINA;3241
2009;12;79;8;FUENCARRAL-EL PARDO;8003;PEÑA GRANDE;46288
2009;12;79;8;FUENCARRAL-EL PARDO;8001;EL PARDO;3555
2009;12;79;8;FUENCARRAL-EL PARDO;8007;MIRASIERRA;28824
2009;12;79;8;FUENCARRAL-EL PARDO;8004;EL PILAR;49371
2009;12;79;8;FUENCARRAL-EL PARDO;8006;VALVERDE;51815
2009;1;79;16;HORTALEZA;16002;PIOVERA;15059
2009;1;79;16;HORTALEZA;16005;APOSTOL SANTIAGO;16099
2009;1;79;16;HORTALEZA;16004;PINAR DEL REY;57813
2009;1;79;16;HORTALEZA;16003;CANILLAS;43917
2009;1;79;16;HORTALEZA;16001;PALOMAS;6512
2009;1;79;16;HORTALEZA;16006;VALDEFUENTES;33822
2009;2;79;16;HORTALEZA;16003;CANILLAS;43896
2009;2;79;16;HORTALEZA;16006;VALDEFUENTES;34159
2009;2;79;16;HORTALEZA;16002;PIOVERA;15074
2009;2;79;16;HORTALEZA;16004;PINAR DEL REY;57668
2009;2;79;16;HORTALEZA;16001;PALOMAS;6545
2009;2;79;16;HORTALEZA;16005;APOSTOL SANTIAGO;16063
2009;3;79;16;HORTALEZA;16002;PIOVERA;15077
2009;3;79;16;HORTALEZA;16006;VALDEFUENTES;34419
2009;3;79;16;HORTALEZA;16003;CANILLAS;43887
2009;3;79;16;HORTALEZA;16004;PINAR DEL REY;57663
2009;3;79;16;HORTALEZA;16005;APOSTOL SANTIAGO;16064
2009;3;79;16;HORTALEZA;16001;PALOMAS;6554
2009;4;79;16;HORTALEZA;16002;PIOVERA;15123
2009;4;79;16;HORTALEZA;16006;VALDEFUENTES;34859
2009;4;79;16;HORTALEZA;16005;APOSTOL SANTIAGO;16109
2009;4;79;16;HORTALEZA;16004;PINAR DEL REY;57895
2009;4;79;16;HORTALEZA;16001;PALOMAS;6581
2009;4;79;16;HORTALEZA;16003;CANILLAS;43976
2009;5;79;16;HORTALEZA;16004;PINAR DEL REY;57622
2009;5;79;16;HORTALEZA;16001;PALOMAS;6582
2009;5;79;16;HORTALEZA;16002;PIOVERA;15115
2009;5;79;16;HORTALEZA;16005;APOSTOL SANTIAGO;16038
2009;5;79;16;HORTALEZA;16003;CANILLAS;43850
2009;5;79;16;HORTALEZA;16006;VALDEFUENTES;34932
2009;6;79;16;HORTALEZA;16004;PINAR DEL REY;57557
2009;6;79;16;HORTALEZA;16001;PALOMAS;6572
2009;6;79;16;HORTALEZA;16002;PIOVERA;15095
2009;6;79;16;HORTALEZA;16006;VALDEFUENTES;35119
2009;6;79;16;HORTALEZA;16005;APOSTOL SANTIAGO;16051
2009;6;79;16;HORTALEZA;16003;CANILLAS;43860
2009;7;79;16;HORTALEZA;16004;PINAR DEL REY;57601
2009;7;79;16;HORTALEZA;16005;APOSTOL SANTIAGO;16049
2009;7;79;16;HORTALEZA;16001;PALOMAS;6574
2009;7;79;16;HORTALEZA;16003;CANILLAS;43805
2009;7;79;16;HORTALEZA;16006;VALDEFUENTES;35326
2009;7;79;16;HORTALEZA;16002;PIOVERA;15122
2009;8;79;16;HORTALEZA;16006;VALDEFUENTES;35461
2009;8;79;16;HORTALEZA;16005;APOSTOL SANTIAGO;16046
2009;8;79;16;HORTALEZA;16002;PIOVERA;15144
2009;8;79;16;HORTALEZA;16003;CANILLAS;43826
2009;8;79;16;HORTALEZA;16004;PINAR DEL REY;57535
2009;8;79;16;HORTALEZA;16001;PALOMAS;6587
2009;9;79;16;HORTALEZA;16001;PALOMAS;6616
2009;9;79;16;HORTALEZA;16002;PIOVERA;15204
2009;9;79;16;HORTALEZA;16003;CANILLAS;43829
2009;9;79;16;HORTALEZA;16004;PINAR DEL REY;57511
2009;9;79;16;HORTALEZA;16005;APOSTOL SANTIAGO;16051
2009;9;79;16;HORTALEZA;16006;VALDEFUENTES;35774
2009;10;79;16;HORTALEZA;16005;APOSTOL SANTIAGO;16035
2009;10;79;16;HORTALEZA;16002;PIOVERA;15185
2009;10;79;16;HORTALEZA;16006;VALDEFUENTES;35952
2009;10;79;16;HORTALEZA;16004;PINAR DEL REY;57490
2009;10;79;16;HORTALEZA;16003;CANILLAS;43812
2009;10;79;16;HORTALEZA;16001;PALOMAS;6643
2009;11;79;16;HORTALEZA;16005;APOSTOL SANTIAGO;16002
2009;11;79;16;HORTALEZA;16003;CANILLAS;43747
2009;11;79;16;HORTALEZA;16002;PIOVERA;15228
2009;11;79;16;HORTALEZA;16004;PINAR DEL REY;57319
2009;11;79;16;HORTALEZA;16001;PALOMAS;6643
2009;11;79;16;HORTALEZA;16006;VALDEFUENTES;36084
2009;12;79;16;HORTALEZA;16004;PINAR DEL REY;57313
2009;12;79;16;HORTALEZA;16002;PIOVERA;15269
2009;12;79;16;HORTALEZA;16001;PALOMAS;6678
2009;12;79;16;HORTALEZA;16005;APOSTOL SANTIAGO;16039
2009;12;79;16;HORTALEZA;16006;VALDEFUENTES;36227
2009;12;79;16;HORTALEZA;16003;CANILLAS;43776
2009;1;79;10;LATINA;10007;LAS AGUILAS;57073
2009;1;79;10;LATINA;10001;LOS CARMENES;18050
2009;1;79;10;LATINA;10006;CUATRO VIENTOS;3363
2009;1;79;10;LATINA;10005;CAMPAMENTO;20953
2009;1;79;10;LATINA;10003;LUCERO;39023
2009;1;79;10;LATINA;10002;PUERTA DEL ANGEL;46121
2009;1;79;10;LATINA;10004;ALUCHE;74247
2009;2;79;10;LATINA;10006;CUATRO VIENTOS;3385
2009;2;79;10;LATINA;10004;ALUCHE;74004
2009;2;79;10;LATINA;10007;LAS AGUILAS;56979
2009;2;79;10;LATINA;10001;LOS CARMENES;17984
2009;2;79;10;LATINA;10003;LUCERO;38976
2009;2;79;10;LATINA;10005;CAMPAMENTO;20931
2009;2;79;10;LATINA;10002;PUERTA DEL ANGEL;46012
2009;3;79;10;LATINA;10007;LAS AGUILAS;56895
2009;3;79;10;LATINA;10004;ALUCHE;73960
2009;3;79;10;LATINA;10003;LUCERO;38930
2009;3;79;10;LATINA;10002;PUERTA DEL ANGEL;45940
2009;3;79;10;LATINA;10001;LOS CARMENES;17937
2009;3;79;10;LATINA;10005;CAMPAMENTO;20894
2009;3;79;10;LATINA;10006;CUATRO VIENTOS;3387
2009;4;79;10;LATINA;10001;LOS CARMENES;18008
2009;4;79;10;LATINA;10005;CAMPAMENTO;20981
2009;4;79;10;LATINA;10002;PUERTA DEL ANGEL;46087
2009;4;79;10;LATINA;10004;ALUCHE;74219
2009;4;79;10;LATINA;10006;CUATRO VIENTOS;3496
2009;4;79;10;LATINA;10003;LUCERO;39106
2009;4;79;10;LATINA;10007;LAS AGUILAS;57078
2009;5;79;10;LATINA;10004;ALUCHE;73858
2009;5;79;10;LATINA;10005;CAMPAMENTO;20857
2009;5;79;10;LATINA;10006;CUATRO VIENTOS;3519
2009;5;79;10;LATINA;10002;PUERTA DEL ANGEL;45894
2009;5;79;10;LATINA;10003;LUCERO;38904
2009;5;79;10;LATINA;10001;LOS CARMENES;17972
2009;5;79;10;LATINA;10007;LAS AGUILAS;56713
2009;6;79;10;LATINA;10001;LOS CARMENES;18007
2009;6;79;10;LATINA;10002;PUERTA DEL ANGEL;45823
2009;6;79;10;LATINA;10007;LAS AGUILAS;56644
2009;6;79;10;LATINA;10003;LUCERO;38892
2009;6;79;10;LATINA;10006;CUATRO VIENTOS;3548
2009;6;79;10;LATINA;10005;CAMPAMENTO;20778
2009;6;79;10;LATINA;10004;ALUCHE;73772
2009;7;79;10;LATINA;10001;LOS CARMENES;18051
2009;7;79;10;LATINA;10005;CAMPAMENTO;20794
2009;7;79;10;LATINA;10004;ALUCHE;73711
2009;7;79;10;LATINA;10007;LAS AGUILAS;56536
2009;7;79;10;LATINA;10003;LUCERO;38925
2009;7;79;10;LATINA;10002;PUERTA DEL ANGEL;45800
2009;7;79;10;LATINA;10006;CUATRO VIENTOS;3556
2009;8;79;10;LATINA;10006;CUATRO VIENTOS;3575
2009;8;79;10;LATINA;10007;LAS AGUILAS;56475
2009;8;79;10;LATINA;10003;LUCERO;38927
2009;8;79;10;LATINA;10005;CAMPAMENTO;20767
2009;8;79;10;LATINA;10004;ALUCHE;73573
2009;8;79;10;LATINA;10001;LOS CARMENES;18022
2009;8;79;10;LATINA;10002;PUERTA DEL ANGEL;45768
2009;9;79;10;LATINA;10001;LOS CARMENES;17987
2009;9;79;10;LATINA;10002;PUERTA DEL ANGEL;45771
2009;9;79;10;LATINA;10007;LAS AGUILAS;56511
2009;9;79;10;LATINA;10005;CAMPAMENTO;20730
2009;9;79;10;LATINA;10004;ALUCHE;73489
2009;9;79;10;LATINA;10006;CUATRO VIENTOS;3599
2009;9;79;10;LATINA;10003;LUCERO;38946
2009;10;79;10;LATINA;10005;CAMPAMENTO;20704
2009;10;79;10;LATINA;10003;LUCERO;38893
2009;10;79;10;LATINA;10007;LAS AGUILAS;56397
2009;10;79;10;LATINA;10001;LOS CARMENES;17982
2009;10;79;10;LATINA;10002;PUERTA DEL ANGEL;45664
2009;10;79;10;LATINA;10004;ALUCHE;73291
2009;10;79;10;LATINA;10006;CUATRO VIENTOS;3626
2009;11;79;10;LATINA;10006;CUATRO VIENTOS;3628
2009;11;79;10;LATINA;10003;LUCERO;38843
2009;11;79;10;LATINA;10001;LOS CARMENES;18002
2009;11;79;10;LATINA;10004;ALUCHE;73183
2009;11;79;10;LATINA;10002;PUERTA DEL ANGEL;45640
2009;11;79;10;LATINA;10007;LAS AGUILAS;56328
2009;11;79;10;LATINA;10005;CAMPAMENTO;20631
2009;12;79;10;LATINA;10005;CAMPAMENTO;20641
2009;12;79;10;LATINA;10004;ALUCHE;73236
2009;12;79;10;LATINA;10003;LUCERO;38885
2009;12;79;10;LATINA;10002;PUERTA DEL ANGEL;45690
2009;12;79;10;LATINA;10006;CUATRO VIENTOS;3677
2009;12;79;10;LATINA;10007;LAS AGUILAS;56378
2009;12;79;10;LATINA;10001;LOS CARMENES;18020
2009;1;79;9;MONCLOA-ARAVACA;9007;ARAVACA;25294
2009;1;79;9;MONCLOA-ARAVACA;9004;VALDEZARZA;31268
2009;1;79;9;MONCLOA-ARAVACA;9005;VALDEMARIN;5348
2009;1;79;9;MONCLOA-ARAVACA;9001;CASA DE CAMPO;13454
2009;1;79;9;MONCLOA-ARAVACA;9002;ARGUELLES;25215
2009;1;79;9;MONCLOA-ARAVACA;9003;CIUDAD UNIVERSITARIA;16142
2009;1;79;9;MONCLOA-ARAVACA;9006;EL PLANTIO;2565
2009;2;79;9;MONCLOA-ARAVACA;9003;CIUDAD UNIVERSITARIA;16123
2009;2;79;9;MONCLOA-ARAVACA;9002;ARGUELLES;25151
2009;2;79;9;MONCLOA-ARAVACA;9006;EL PLANTIO;2568
2009;2;79;9;MONCLOA-ARAVACA;9005;VALDEMARIN;5369
2009;2;79;9;MONCLOA-ARAVACA;9004;VALDEZARZA;31225
2009;2;79;9;MONCLOA-ARAVACA;9007;ARAVACA;25346
2009;2;79;9;MONCLOA-ARAVACA;9001;CASA DE CAMPO;13436
2009;3;79;9;MONCLOA-ARAVACA;9006;EL PLANTIO;2572
2009;3;79;9;MONCLOA-ARAVACA;9007;ARAVACA;25358
2009;3;79;9;MONCLOA-ARAVACA;9003;CIUDAD UNIVERSITARIA;16108
2009;3;79;9;MONCLOA-ARAVACA;9001;CASA DE CAMPO;13421
2009;3;79;9;MONCLOA-ARAVACA;9002;ARGUELLES;25067
2009;3;79;9;MONCLOA-ARAVACA;9004;VALDEZARZA;31285
2009;3;79;9;MONCLOA-ARAVACA;9005;VALDEMARIN;5375
2009;4;79;9;MONCLOA-ARAVACA;9004;VALDEZARZA;31366
2009;4;79;9;MONCLOA-ARAVACA;9006;EL PLANTIO;2582
2009;4;79;9;MONCLOA-ARAVACA;9007;ARAVACA;25519
2009;4;79;9;MONCLOA-ARAVACA;9002;ARGUELLES;25126
2009;4;79;9;MONCLOA-ARAVACA;9001;CASA DE CAMPO;13482
2009;4;79;9;MONCLOA-ARAVACA;9005;VALDEMARIN;5433
2009;4;79;9;MONCLOA-ARAVACA;9003;CIUDAD UNIVERSITARIA;16139
2009;5;79;9;MONCLOA-ARAVACA;9005;VALDEMARIN;5437
2009;5;79;9;MONCLOA-ARAVACA;9003;CIUDAD UNIVERSITARIA;16077
2009;5;79;9;MONCLOA-ARAVACA;9001;CASA DE CAMPO;13413
2009;5;79;9;MONCLOA-ARAVACA;9006;EL PLANTIO;2567
2009;5;79;9;MONCLOA-ARAVACA;9007;ARAVACA;25410
2009;5;79;9;MONCLOA-ARAVACA;9004;VALDEZARZA;31245
2009;5;79;9;MONCLOA-ARAVACA;9002;ARGUELLES;25007
2009;6;79;9;MONCLOA-ARAVACA;9006;EL PLANTIO;2555
2009;6;79;9;MONCLOA-ARAVACA;9002;ARGUELLES;24957
2009;6;79;9;MONCLOA-ARAVACA;9005;VALDEMARIN;5463
2009;6;79;9;MONCLOA-ARAVACA;9003;CIUDAD UNIVERSITARIA;16028
2009;6;79;9;MONCLOA-ARAVACA;9001;CASA DE CAMPO;13416
2009;6;79;9;MONCLOA-ARAVACA;9004;VALDEZARZA;31239
2009;6;79;9;MONCLOA-ARAVACA;9007;ARAVACA;25405
2009;7;79;9;MONCLOA-ARAVACA;9005;VALDEMARIN;5468
2009;7;79;9;MONCLOA-ARAVACA;9004;VALDEZARZA;31211
2009;7;79;9;MONCLOA-ARAVACA;9007;ARAVACA;25466
2009;7;79;9;MONCLOA-ARAVACA;9006;EL PLANTIO;2553
2009;7;79;9;MONCLOA-ARAVACA;9002;ARGUELLES;24985
2009;7;79;9;MONCLOA-ARAVACA;9001;CASA DE CAMPO;13400
2009;7;79;9;MONCLOA-ARAVACA;9003;CIUDAD UNIVERSITARIA;16014
2009;8;79;9;MONCLOA-ARAVACA;9004;VALDEZARZA;31173
2009;8;79;9;MONCLOA-ARAVACA;9005;VALDEMARIN;5479
2009;8;79;9;MONCLOA-ARAVACA;9002;ARGUELLES;24930
2009;8;79;9;MONCLOA-ARAVACA;9006;EL PLANTIO;2550
2009;8;79;9;MONCLOA-ARAVACA;9001;CASA DE CAMPO;13369
2009;8;79;9;MONCLOA-ARAVACA;9007;ARAVACA;25401
2009;8;79;9;MONCLOA-ARAVACA;9003;CIUDAD UNIVERSITARIA;16008
2009;9;79;9;MONCLOA-ARAVACA;9001;CASA DE CAMPO;13370
2009;9;79;9;MONCLOA-ARAVACA;9007;ARAVACA;25542
2009;9;79;9;MONCLOA-ARAVACA;9003;CIUDAD UNIVERSITARIA;16014
2009;9;79;9;MONCLOA-ARAVACA;9005;VALDEMARIN;5516
2009;9;79;9;MONCLOA-ARAVACA;9004;VALDEZARZA;31222
2009;9;79;9;MONCLOA-ARAVACA;9002;ARGUELLES;24935
2009;9;79;9;MONCLOA-ARAVACA;9006;EL PLANTIO;2539
2009;10;79;9;MONCLOA-ARAVACA;9006;EL PLANTIO;2552
2009;10;79;9;MONCLOA-ARAVACA;9004;VALDEZARZA;31184
2009;10;79;9;MONCLOA-ARAVACA;9005;VALDEMARIN;5544
2009;10;79;9;MONCLOA-ARAVACA;9002;ARGUELLES;24960
2009;10;79;9;MONCLOA-ARAVACA;9003;CIUDAD UNIVERSITARIA;16019
2009;10;79;9;MONCLOA-ARAVACA;9001;CASA DE CAMPO;13379
2009;10;79;9;MONCLOA-ARAVACA;9007;ARAVACA;25571
2009;11;79;9;MONCLOA-ARAVACA;9007;ARAVACA;25634
2009;11;79;9;MONCLOA-ARAVACA;9006;EL PLANTIO;2542
2009;11;79;9;MONCLOA-ARAVACA;9002;ARGUELLES;24927
2009;11;79;9;MONCLOA-ARAVACA;9003;CIUDAD UNIVERSITARIA;16038
2009;11;79;9;MONCLOA-ARAVACA;9001;CASA DE CAMPO;13353
2009;11;79;9;MONCLOA-ARAVACA;9004;VALDEZARZA;31187
2009;11;79;9;MONCLOA-ARAVACA;9005;VALDEMARIN;5568
2009;12;79;9;MONCLOA-ARAVACA;9004;VALDEZARZA;31206
2009;12;79;9;MONCLOA-ARAVACA;9002;ARGUELLES;24987
2009;12;79;9;MONCLOA-ARAVACA;9006;EL PLANTIO;2549
2009;12;79;9;MONCLOA-ARAVACA;9003;CIUDAD UNIVERSITARIA;16056
2009;12;79;9;MONCLOA-ARAVACA;9001;CASA DE CAMPO;13383
2009;12;79;9;MONCLOA-ARAVACA;9007;ARAVACA;25730
2009;12;79;9;MONCLOA-ARAVACA;9005;VALDEMARIN;5601
2009;1;79;14;MORATALAZ;14001;PAVONES;10023
2009;1;79;14;MORATALAZ;14005;FONTARRON;18418
2009;1;79;14;MORATALAZ;14006;VINATEROS;18473
2009;1;79;14;MORATALAZ;14002;HORCAJO;6635
2009;1;79;14;MORATALAZ;14003;MARROQUINA;30413
2009;1;79;14;MORATALAZ;14004;MEDIA LEGUA;20085
2009;2;79;14;MORATALAZ;14004;MEDIA LEGUA;20035
2009;2;79;14;MORATALAZ;14001;PAVONES;10013
2009;2;79;14;MORATALAZ;14003;MARROQUINA;30371
2009;2;79;14;MORATALAZ;14005;FONTARRON;18387
2009;2;79;14;MORATALAZ;14002;HORCAJO;6617
2009;2;79;14;MORATALAZ;14006;VINATEROS;18456
2009;3;79;14;MORATALAZ;14006;VINATEROS;18416
2009;3;79;14;MORATALAZ;14005;FONTARRON;18385
2009;3;79;14;MORATALAZ;14004;MEDIA LEGUA;20048
2009;3;79;14;MORATALAZ;14002;HORCAJO;6633
2009;3;79;14;MORATALAZ;14001;PAVONES;9989
2009;3;79;14;MORATALAZ;14003;MARROQUINA;30357
2009;4;79;14;MORATALAZ;14004;MEDIA LEGUA;20098
2009;4;79;14;MORATALAZ;14005;FONTARRON;18417
2009;4;79;14;MORATALAZ;14001;PAVONES;10082
2009;4;79;14;MORATALAZ;14002;HORCAJO;6655
2009;4;79;14;MORATALAZ;14006;VINATEROS;18457
2009;4;79;14;MORATALAZ;14003;MARROQUINA;30413
2009;5;79;14;MORATALAZ;14002;HORCAJO;6659
2009;5;79;14;MORATALAZ;14001;PAVONES;9989
2009;5;79;14;MORATALAZ;14003;MARROQUINA;30330
2009;5;79;14;MORATALAZ;14006;VINATEROS;18363
2009;5;79;14;MORATALAZ;14004;MEDIA LEGUA;19999
2009;5;79;14;MORATALAZ;14005;FONTARRON;18312
2009;6;79;14;MORATALAZ;14005;FONTARRON;18349
2009;6;79;14;MORATALAZ;14003;MARROQUINA;30268
2009;6;79;14;MORATALAZ;14002;HORCAJO;6667
2009;6;79;14;MORATALAZ;14001;PAVONES;9974
2009;6;79;14;MORATALAZ;14004;MEDIA LEGUA;19979
2009;6;79;14;MORATALAZ;14006;VINATEROS;18348
2009;7;79;14;MORATALAZ;14004;MEDIA LEGUA;19939
2009;7;79;14;MORATALAZ;14006;VINATEROS;18312
2009;7;79;14;MORATALAZ;14003;MARROQUINA;30208
2009;7;79;14;MORATALAZ;14001;PAVONES;9987
2009;7;79;14;MORATALAZ;14005;FONTARRON;18358
2009;7;79;14;MORATALAZ;14002;HORCAJO;6643
2009;8;79;14;MORATALAZ;14005;FONTARRON;18346
2009;8;79;14;MORATALAZ;14006;VINATEROS;18289
2009;8;79;14;MORATALAZ;14001;PAVONES;9959
2009;8;79;14;MORATALAZ;14002;HORCAJO;6614
2009;8;79;14;MORATALAZ;14004;MEDIA LEGUA;19901
2009;8;79;14;MORATALAZ;14003;MARROQUINA;30188
2009;9;79;14;MORATALAZ;14005;FONTARRON;18404
2009;9;79;14;MORATALAZ;14003;MARROQUINA;30181
2009;9;79;14;MORATALAZ;14004;MEDIA LEGUA;19884
2009;9;79;14;MORATALAZ;14002;HORCAJO;6620
2009;9;79;14;MORATALAZ;14006;VINATEROS;18306
2009;9;79;14;MORATALAZ;14001;PAVONES;9940
2009;10;79;14;MORATALAZ;14005;FONTARRON;18373
2009;10;79;14;MORATALAZ;14003;MARROQUINA;30111
2009;10;79;14;MORATALAZ;14002;HORCAJO;6626
2009;10;79;14;MORATALAZ;14004;MEDIA LEGUA;19815
2009;10;79;14;MORATALAZ;14006;VINATEROS;18272
2009;10;79;14;MORATALAZ;14001;PAVONES;9909
2009;11;79;14;MORATALAZ;14001;PAVONES;9894
2009;11;79;14;MORATALAZ;14005;FONTARRON;18351
2009;11;79;14;MORATALAZ;14003;MARROQUINA;30069
2009;11;79;14;MORATALAZ;14006;VINATEROS;18272
2009;11;79;14;MORATALAZ;14002;HORCAJO;6642
2009;11;79;14;MORATALAZ;14004;MEDIA LEGUA;19839
2009;12;79;14;MORATALAZ;14005;FONTARRON;18367
2009;12;79;14;MORATALAZ;14006;VINATEROS;18261
2009;12;79;14;MORATALAZ;14003;MARROQUINA;30070
2009;12;79;14;MORATALAZ;14002;HORCAJO;6622
2009;12;79;14;MORATALAZ;14004;MEDIA LEGUA;19846
2009;12;79;14;MORATALAZ;14001;PAVONES;9888
2009;1;79;13;PUENTE DE VALLECAS;13001;ENTREVIAS;37156
2009;1;79;13;PUENTE DE VALLECAS;13006;NUMANCIA;49564
2009;1;79;13;PUENTE DE VALLECAS;13004;PALOMERAS SURESTE;44013
2009;1;79;13;PUENTE DE VALLECAS;13005;PORTAZGO;29787
2009;1;79;13;PUENTE DE VALLECAS;13003;PALOMERAS BAJAS;42117
2009;1;79;13;PUENTE DE VALLECAS;13002;SAN DIEGO;43358
2009;2;79;13;PUENTE DE VALLECAS;13001;ENTREVIAS;37060
2009;2;79;13;PUENTE DE VALLECAS;13006;NUMANCIA;49491
2009;2;79;13;PUENTE DE VALLECAS;13004;PALOMERAS SURESTE;43917
2009;2;79;13;PUENTE DE VALLECAS;13002;SAN DIEGO;43237
2009;2;79;13;PUENTE DE VALLECAS;13003;PALOMERAS BAJAS;42098
2009;2;79;13;PUENTE DE VALLECAS;13005;PORTAZGO;29737
2009;3;79;13;PUENTE DE VALLECAS;13003;PALOMERAS BAJAS;42202
2009;3;79;13;PUENTE DE VALLECAS;13004;PALOMERAS SURESTE;43972
2009;3;79;13;PUENTE DE VALLECAS;13006;NUMANCIA;49424
2009;3;79;13;PUENTE DE VALLECAS;13001;ENTREVIAS;36910
2009;3;79;13;PUENTE DE VALLECAS;13002;SAN DIEGO;43228
2009;3;79;13;PUENTE DE VALLECAS;13005;PORTAZGO;29730
2009;4;79;13;PUENTE DE VALLECAS;13006;NUMANCIA;49668
2009;4;79;13;PUENTE DE VALLECAS;13002;SAN DIEGO;43396
2009;4;79;13;PUENTE DE VALLECAS;13004;PALOMERAS SURESTE;44103
2009;4;79;13;PUENTE DE VALLECAS;13003;PALOMERAS BAJAS;42428
2009;4;79;13;PUENTE DE VALLECAS;13005;PORTAZGO;29853
2009;4;79;13;PUENTE DE VALLECAS;13001;ENTREVIAS;36995
2009;5;79;13;PUENTE DE VALLECAS;13001;ENTREVIAS;36830
2009;5;79;13;PUENTE DE VALLECAS;13003;PALOMERAS BAJAS;42275
2009;5;79;13;PUENTE DE VALLECAS;13002;SAN DIEGO;43033
2009;5;79;13;PUENTE DE VALLECAS;13006;NUMANCIA;49517
2009;5;79;13;PUENTE DE VALLECAS;13004;PALOMERAS SURESTE;43966
2009;5;79;13;PUENTE DE VALLECAS;13005;PORTAZGO;29794
2009;6;79;13;PUENTE DE VALLECAS;13002;SAN DIEGO;43022
2009;6;79;13;PUENTE DE VALLECAS;13005;PORTAZGO;29741
2009;6;79;13;PUENTE DE VALLECAS;13004;PALOMERAS SURESTE;43950
2009;6;79;13;PUENTE DE VALLECAS;13001;ENTREVIAS;36750
2009;6;79;13;PUENTE DE VALLECAS;13003;PALOMERAS BAJAS;42313
2009;6;79;13;PUENTE DE VALLECAS;13006;NUMANCIA;49538
2009;7;79;13;PUENTE DE VALLECAS;13005;PORTAZGO;29726
2009;7;79;13;PUENTE DE VALLECAS;13003;PALOMERAS BAJAS;42376
2009;7;79;13;PUENTE DE VALLECAS;13001;ENTREVIAS;36731
2009;7;79;13;PUENTE DE VALLECAS;13004;PALOMERAS SURESTE;43946
2009;7;79;13;PUENTE DE VALLECAS;13002;SAN DIEGO;42934
2009;7;79;13;PUENTE DE VALLECAS;13006;NUMANCIA;49569
2009;8;79;13;PUENTE DE VALLECAS;13005;PORTAZGO;29679
2009;8;79;13;PUENTE DE VALLECAS;13006;NUMANCIA;49555
2009;8;79;13;PUENTE DE VALLECAS;13001;ENTREVIAS;36657
2009;8;79;13;PUENTE DE VALLECAS;13003;PALOMERAS BAJAS;42417
2009;8;79;13;PUENTE DE VALLECAS;13002;SAN DIEGO;42855
2009;8;79;13;PUENTE DE VALLECAS;13004;PALOMERAS SURESTE;43978
2009;9;79;13;PUENTE DE VALLECAS;13004;PALOMERAS SURESTE;44062
2009;9;79;13;PUENTE DE VALLECAS;13005;PORTAZGO;29659
2009;9;79;13;PUENTE DE VALLECAS;13006;NUMANCIA;49657
2009;9;79;13;PUENTE DE VALLECAS;13001;ENTREVIAS;36604
2009;9;79;13;PUENTE DE VALLECAS;13002;SAN DIEGO;42952
2009;9;79;13;PUENTE DE VALLECAS;13003;PALOMERAS BAJAS;42464
2009;10;79;13;PUENTE DE VALLECAS;13004;PALOMERAS SURESTE;44044
2009;10;79;13;PUENTE DE VALLECAS;13005;PORTAZGO;29624
2009;10;79;13;PUENTE DE VALLECAS;13006;NUMANCIA;49646
2009;10;79;13;PUENTE DE VALLECAS;13003;PALOMERAS BAJAS;42354
2009;10;79;13;PUENTE DE VALLECAS;13001;ENTREVIAS;36576
2009;10;79;13;PUENTE DE VALLECAS;13002;SAN DIEGO;42908
2009;11;79;13;PUENTE DE VALLECAS;13004;PALOMERAS SURESTE;44002
2009;11;79;13;PUENTE DE VALLECAS;13005;PORTAZGO;29582
2009;11;79;13;PUENTE DE VALLECAS;13006;NUMANCIA;49596
2009;11;79;13;PUENTE DE VALLECAS;13002;SAN DIEGO;42841
2009;11;79;13;PUENTE DE VALLECAS;13003;PALOMERAS BAJAS;42314
2009;11;79;13;PUENTE DE VALLECAS;13001;ENTREVIAS;36546
2009;12;79;13;PUENTE DE VALLECAS;13006;NUMANCIA;49628
2009;12;79;13;PUENTE DE VALLECAS;13005;PORTAZGO;29676
2009;12;79;13;PUENTE DE VALLECAS;13001;ENTREVIAS;36593
2009;12;79;13;PUENTE DE VALLECAS;13002;SAN DIEGO;42855
2009;12;79;13;PUENTE DE VALLECAS;13004;PALOMERAS SURESTE;44010
2009;12;79;13;PUENTE DE VALLECAS;13003;PALOMERAS BAJAS;42334
2009;1;79;3;RETIRO;3005;LOS JERONIMOS;7385
2009;1;79;3;RETIRO;3003;ESTRELLA;24484
2009;1;79;3;RETIRO;3004;IBIZA;23071
2009;1;79;3;RETIRO;3006;NIÑO JESUS;16019
2009;1;79;3;RETIRO;3001;PACIFICO;36137
2009;1;79;3;RETIRO;3002;ADELFAS;17369
2009;2;79;3;RETIRO;3002;ADELFAS;17375
2009;2;79;3;RETIRO;3004;IBIZA;23028
2009;2;79;3;RETIRO;3006;NIÑO JESUS;15992
2009;2;79;3;RETIRO;3005;LOS JERONIMOS;7365
2009;2;79;3;RETIRO;3003;ESTRELLA;24480
2009;2;79;3;RETIRO;3001;PACIFICO;36053
2009;3;79;3;RETIRO;3001;PACIFICO;36089
2009;3;79;3;RETIRO;3005;LOS JERONIMOS;7374
2009;3;79;3;RETIRO;3006;NIÑO JESUS;15986
2009;3;79;3;RETIRO;3003;ESTRELLA;24439
2009;3;79;3;RETIRO;3002;ADELFAS;17364
2009;3;79;3;RETIRO;3004;IBIZA;23020
2009;4;79;3;RETIRO;3005;LOS JERONIMOS;7393
2009;4;79;3;RETIRO;3003;ESTRELLA;24516
2009;4;79;3;RETIRO;3002;ADELFAS;17423
2009;4;79;3;RETIRO;3001;PACIFICO;36201
2009;4;79;3;RETIRO;3006;NIÑO JESUS;16034
2009;4;79;3;RETIRO;3004;IBIZA;23065
2009;5;79;3;RETIRO;3001;PACIFICO;36066
2009;5;79;3;RETIRO;3003;ESTRELLA;24433
2009;5;79;3;RETIRO;3006;NIÑO JESUS;15986
2009;5;79;3;RETIRO;3002;ADELFAS;17410
2009;5;79;3;RETIRO;3005;LOS JERONIMOS;7364
2009;5;79;3;RETIRO;3004;IBIZA;22969
2009;6;79;3;RETIRO;3005;LOS JERONIMOS;7360
2009;6;79;3;RETIRO;3004;IBIZA;22970
2009;6;79;3;RETIRO;3002;ADELFAS;17348
2009;6;79;3;RETIRO;3003;ESTRELLA;24377
2009;6;79;3;RETIRO;3006;NIÑO JESUS;16004
2009;6;79;3;RETIRO;3001;PACIFICO;36071
2009;7;79;3;RETIRO;3005;LOS JERONIMOS;7361
2009;7;79;3;RETIRO;3002;ADELFAS;17372
2009;7;79;3;RETIRO;3001;PACIFICO;36056
2009;7;79;3;RETIRO;3003;ESTRELLA;24337
2009;7;79;3;RETIRO;3006;NIÑO JESUS;15984
2009;7;79;3;RETIRO;3004;IBIZA;22948
2009;8;79;3;RETIRO;3005;LOS JERONIMOS;7349
2009;8;79;3;RETIRO;3006;NIÑO JESUS;15975
2009;8;79;3;RETIRO;3002;ADELFAS;17358
2009;8;79;3;RETIRO;3003;ESTRELLA;24323
2009;8;79;3;RETIRO;3004;IBIZA;22897
2009;8;79;3;RETIRO;3001;PACIFICO;36031
2009;9;79;3;RETIRO;3004;IBIZA;22881
2009;9;79;3;RETIRO;3002;ADELFAS;17333
2009;9;79;3;RETIRO;3001;PACIFICO;36068
2009;9;79;3;RETIRO;3003;ESTRELLA;24331
2009;9;79;3;RETIRO;3006;NIÑO JESUS;15965
2009;9;79;3;RETIRO;3005;LOS JERONIMOS;7336
2009;10;79;3;RETIRO;3001;PACIFICO;36057
2009;10;79;3;RETIRO;3005;LOS JERONIMOS;7329
2009;10;79;3;RETIRO;3006;NIÑO JESUS;15931
2009;10;79;3;RETIRO;3003;ESTRELLA;24315
2009;10;79;3;RETIRO;3002;ADELFAS;17324
2009;10;79;3;RETIRO;3004;IBIZA;22873
2009;11;79;3;RETIRO;3002;ADELFAS;17308
2009;11;79;3;RETIRO;3003;ESTRELLA;24303
2009;11;79;3;RETIRO;3001;PACIFICO;35974
2009;11;79;3;RETIRO;3004;IBIZA;22834
2009;11;79;3;RETIRO;3006;NIÑO JESUS;15906
2009;11;79;3;RETIRO;3005;LOS JERONIMOS;7336
2009;12;79;3;RETIRO;3005;LOS JERONIMOS;7343
2009;12;79;3;RETIRO;3002;ADELFAS;17341
2009;12;79;3;RETIRO;3003;ESTRELLA;24347
2009;12;79;3;RETIRO;3004;IBIZA;22813
2009;12;79;3;RETIRO;3006;NIÑO JESUS;15922
2009;12;79;3;RETIRO;3001;PACIFICO;35996
2009;1;79;4;SALAMANCA;4005;LISTA;21437
2009;1;79;4;SALAMANCA;4002;GOYA;30463
2009;1;79;4;SALAMANCA;4006;CASTELLANA;16849
2009;1;79;4;SALAMANCA;4001;RECOLETOS;15469
2009;1;79;4;SALAMANCA;4003;FUENTE DEL BERRO;22320
2009;1;79;4;SALAMANCA;4004;GUINDALERA;42036
2009;2;79;4;SALAMANCA;4002;GOYA;30463
2009;2;79;4;SALAMANCA;4006;CASTELLANA;16837
2009;2;79;4;SALAMANCA;4001;RECOLETOS;15480
2009;2;79;4;SALAMANCA;4005;LISTA;21411
2009;2;79;4;SALAMANCA;4004;GUINDALERA;41963
2009;2;79;4;SALAMANCA;4003;FUENTE DEL BERRO;22266
2009;3;79;4;SALAMANCA;4001;RECOLETOS;15495
2009;3;79;4;SALAMANCA;4005;LISTA;21392
2009;3;79;4;SALAMANCA;4004;GUINDALERA;41956
2009;3;79;4;SALAMANCA;4006;CASTELLANA;16814
2009;3;79;4;SALAMANCA;4002;GOYA;30433
2009;3;79;4;SALAMANCA;4003;FUENTE DEL BERRO;22298
2009;4;79;4;SALAMANCA;4004;GUINDALERA;41993
2009;4;79;4;SALAMANCA;4006;CASTELLANA;16871
2009;4;79;4;SALAMANCA;4005;LISTA;21480
2009;4;79;4;SALAMANCA;4002;GOYA;30557
2009;4;79;4;SALAMANCA;4001;RECOLETOS;15555
2009;4;79;4;SALAMANCA;4003;FUENTE DEL BERRO;22374
2009;5;79;4;SALAMANCA;4004;GUINDALERA;41852
2009;5;79;4;SALAMANCA;4002;GOYA;30461
2009;5;79;4;SALAMANCA;4001;RECOLETOS;15518
2009;5;79;4;SALAMANCA;4005;LISTA;21371
2009;5;79;4;SALAMANCA;4003;FUENTE DEL BERRO;22302
2009;5;79;4;SALAMANCA;4006;CASTELLANA;16787
2009;6;79;4;SALAMANCA;4004;GUINDALERA;41833
2009;6;79;4;SALAMANCA;4002;GOYA;30431
2009;6;79;4;SALAMANCA;4005;LISTA;21384
2009;6;79;4;SALAMANCA;4001;RECOLETOS;15513
2009;6;79;4;SALAMANCA;4003;FUENTE DEL BERRO;22267
2009;6;79;4;SALAMANCA;4006;CASTELLANA;16787
2009;7;79;4;SALAMANCA;4001;RECOLETOS;15582
2009;7;79;4;SALAMANCA;4002;GOYA;30407
2009;7;79;4;SALAMANCA;4006;CASTELLANA;16799
2009;7;79;4;SALAMANCA;4005;LISTA;21361
2009;7;79;4;SALAMANCA;4004;GUINDALERA;41806
2009;7;79;4;SALAMANCA;4003;FUENTE DEL BERRO;22256
2009;8;79;4;SALAMANCA;4001;RECOLETOS;15571
2009;8;79;4;SALAMANCA;4006;CASTELLANA;16799
2009;8;79;4;SALAMANCA;4005;LISTA;21327
2009;8;79;4;SALAMANCA;4003;FUENTE DEL BERRO;22229
2009;8;79;4;SALAMANCA;4002;GOYA;30382
2009;8;79;4;SALAMANCA;4004;GUINDALERA;41775
2009;9;79;4;SALAMANCA;4005;LISTA;21351
2009;9;79;4;SALAMANCA;4004;GUINDALERA;41744
2009;9;79;4;SALAMANCA;4006;CASTELLANA;16828
2009;9;79;4;SALAMANCA;4002;GOYA;30381
2009;9;79;4;SALAMANCA;4001;RECOLETOS;15668
2009;9;79;4;SALAMANCA;4003;FUENTE DEL BERRO;22245
2009;10;79;4;SALAMANCA;4006;CASTELLANA;16840
2009;10;79;4;SALAMANCA;4003;FUENTE DEL BERRO;22240
2009;10;79;4;SALAMANCA;4005;LISTA;21403
2009;10;79;4;SALAMANCA;4004;GUINDALERA;41753
2009;10;79;4;SALAMANCA;4002;GOYA;30423
2009;10;79;4;SALAMANCA;4001;RECOLETOS;15670
2009;11;79;4;SALAMANCA;4004;GUINDALERA;41714
2009;11;79;4;SALAMANCA;4002;GOYA;30416
2009;11;79;4;SALAMANCA;4001;RECOLETOS;15673
2009;11;79;4;SALAMANCA;4006;CASTELLANA;16860
2009;11;79;4;SALAMANCA;4005;LISTA;21371
2009;11;79;4;SALAMANCA;4003;FUENTE DEL BERRO;22212
2009;12;79;4;SALAMANCA;4005;LISTA;21415
2009;12;79;4;SALAMANCA;4001;RECOLETOS;15730
2009;12;79;4;SALAMANCA;4003;FUENTE DEL BERRO;22229
2009;12;79;4;SALAMANCA;4002;GOYA;30427
2009;12;79;4;SALAMANCA;4006;CASTELLANA;16864
2009;12;79;4;SALAMANCA;4004;GUINDALERA;41772
2009;1;79;20;SAN BLAS-CANILLEJAS;20002;HELLIN;9785
2009;1;79;20;SAN BLAS-CANILLEJAS;20007;CANILLEJAS;31511
2009;1;79;20;SAN BLAS-CANILLEJAS;20005;ROSAS;31760
2009;1;79;20;SAN BLAS-CANILLEJAS;20008;EL SALVADOR;12449
2009;1;79;20;SAN BLAS-CANILLEJAS;20006;REJAS;12080
2009;1;79;20;SAN BLAS-CANILLEJAS;20003;AMPOSTA;9143
2009;1;79;20;SAN BLAS-CANILLEJAS;20001;SIMANCAS;26825
2009;1;79;20;SAN BLAS-CANILLEJAS;20004;ARCOS;24584
2009;2;79;20;SAN BLAS-CANILLEJAS;20003;AMPOSTA;9149
2009;2;79;20;SAN BLAS-CANILLEJAS;20002;HELLIN;9763
2009;2;79;20;SAN BLAS-CANILLEJAS;20005;ROSAS;31799
2009;2;79;20;SAN BLAS-CANILLEJAS;20006;REJAS;12077
2009;2;79;20;SAN BLAS-CANILLEJAS;20004;ARCOS;24560
2009;2;79;20;SAN BLAS-CANILLEJAS;20008;EL SALVADOR;12427
2009;2;79;20;SAN BLAS-CANILLEJAS;20001;SIMANCAS;26751
2009;2;79;20;SAN BLAS-CANILLEJAS;20007;CANILLEJAS;31451
2009;3;79;20;SAN BLAS-CANILLEJAS;20002;HELLIN;9749
2009;3;79;20;SAN BLAS-CANILLEJAS;20007;CANILLEJAS;31468
2009;3;79;20;SAN BLAS-CANILLEJAS;20008;EL SALVADOR;12450
2009;3;79;20;SAN BLAS-CANILLEJAS;20006;REJAS;12085
2009;3;79;20;SAN BLAS-CANILLEJAS;20004;ARCOS;24571
2009;3;79;20;SAN BLAS-CANILLEJAS;20003;AMPOSTA;9102
2009;3;79;20;SAN BLAS-CANILLEJAS;20001;SIMANCAS;26771
2009;3;79;20;SAN BLAS-CANILLEJAS;20005;ROSAS;31892
2009;4;79;20;SAN BLAS-CANILLEJAS;20004;ARCOS;24680
2009;4;79;20;SAN BLAS-CANILLEJAS;20007;CANILLEJAS;31565
2009;4;79;20;SAN BLAS-CANILLEJAS;20002;HELLIN;9777
2009;4;79;20;SAN BLAS-CANILLEJAS;20006;REJAS;12211
2009;4;79;20;SAN BLAS-CANILLEJAS;20008;EL SALVADOR;12479
2009;4;79;20;SAN BLAS-CANILLEJAS;20003;AMPOSTA;9175
2009;4;79;20;SAN BLAS-CANILLEJAS;20001;SIMANCAS;26920
2009;4;79;20;SAN BLAS-CANILLEJAS;20005;ROSAS;32011
2009;5;79;20;SAN BLAS-CANILLEJAS;20005;ROSAS;31990
2009;5;79;20;SAN BLAS-CANILLEJAS;20008;EL SALVADOR;12440
2009;5;79;20;SAN BLAS-CANILLEJAS;20003;AMPOSTA;9126
2009;5;79;20;SAN BLAS-CANILLEJAS;20004;ARCOS;24601
2009;5;79;20;SAN BLAS-CANILLEJAS;20007;CANILLEJAS;31446
2009;5;79;20;SAN BLAS-CANILLEJAS;20001;SIMANCAS;26842
2009;5;79;20;SAN BLAS-CANILLEJAS;20006;REJAS;12196
2009;5;79;20;SAN BLAS-CANILLEJAS;20002;HELLIN;9738
2009;6;79;20;SAN BLAS-CANILLEJAS;20002;HELLIN;9717
2009;6;79;20;SAN BLAS-CANILLEJAS;20004;ARCOS;24584
2009;6;79;20;SAN BLAS-CANILLEJAS;20003;AMPOSTA;9124
2009;6;79;20;SAN BLAS-CANILLEJAS;20001;SIMANCAS;26907
2009;6;79;20;SAN BLAS-CANILLEJAS;20006;REJAS;12217
2009;6;79;20;SAN BLAS-CANILLEJAS;20008;EL SALVADOR;12444
2009;6;79;20;SAN BLAS-CANILLEJAS;20007;CANILLEJAS;31399
2009;6;79;20;SAN BLAS-CANILLEJAS;20005;ROSAS;32009
2009;7;79;20;SAN BLAS-CANILLEJAS;20005;ROSAS;32034
2009;7;79;20;SAN BLAS-CANILLEJAS;20003;AMPOSTA;9135
2009;7;79;20;SAN BLAS-CANILLEJAS;20007;CANILLEJAS;31425
2009;7;79;20;SAN BLAS-CANILLEJAS;20004;ARCOS;24593
2009;7;79;20;SAN BLAS-CANILLEJAS;20006;REJAS;12294
2009;7;79;20;SAN BLAS-CANILLEJAS;20001;SIMANCAS;26919
2009;7;79;20;SAN BLAS-CANILLEJAS;20008;EL SALVADOR;12395
2009;7;79;20;SAN BLAS-CANILLEJAS;20002;HELLIN;9707
2009;8;79;20;SAN BLAS-CANILLEJAS;20002;HELLIN;9667
2009;8;79;20;SAN BLAS-CANILLEJAS;20007;CANILLEJAS;31353
2009;8;79;20;SAN BLAS-CANILLEJAS;20005;ROSAS;32024
2009;8;79;20;SAN BLAS-CANILLEJAS;20006;REJAS;12333
2009;8;79;20;SAN BLAS-CANILLEJAS;20008;EL SALVADOR;12395
2009;8;79;20;SAN BLAS-CANILLEJAS;20004;ARCOS;24617
2009;8;79;20;SAN BLAS-CANILLEJAS;20001;SIMANCAS;26920
2009;8;79;20;SAN BLAS-CANILLEJAS;20003;AMPOSTA;9118
2009;9;79;20;SAN BLAS-CANILLEJAS;20001;SIMANCAS;26978
2009;9;79;20;SAN BLAS-CANILLEJAS;20008;EL SALVADOR;12409
2009;9;79;20;SAN BLAS-CANILLEJAS;20003;AMPOSTA;9103
2009;9;79;20;SAN BLAS-CANILLEJAS;20002;HELLIN;9681
2009;9;79;20;SAN BLAS-CANILLEJAS;20004;ARCOS;24625
2009;9;79;20;SAN BLAS-CANILLEJAS;20007;CANILLEJAS;31359
2009;9;79;20;SAN BLAS-CANILLEJAS;20005;ROSAS;32040
2009;9;79;20;SAN BLAS-CANILLEJAS;20006;REJAS;12413
2009;10;79;20;SAN BLAS-CANILLEJAS;20006;REJAS;12558
2009;10;79;20;SAN BLAS-CANILLEJAS;20004;ARCOS;24623
2009;10;79;20;SAN BLAS-CANILLEJAS;20005;ROSAS;32068
2009;10;79;20;SAN BLAS-CANILLEJAS;20003;AMPOSTA;9039
2009;10;79;20;SAN BLAS-CANILLEJAS;20002;HELLIN;9640
2009;10;79;20;SAN BLAS-CANILLEJAS;20007;CANILLEJAS;31357
2009;10;79;20;SAN BLAS-CANILLEJAS;20001;SIMANCAS;26975
2009;10;79;20;SAN BLAS-CANILLEJAS;20008;EL SALVADOR;12410
2009;11;79;20;SAN BLAS-CANILLEJAS;20008;EL SALVADOR;12411
2009;11;79;20;SAN BLAS-CANILLEJAS;20001;SIMANCAS;27021
2009;11;79;20;SAN BLAS-CANILLEJAS;20007;CANILLEJAS;31328
2009;11;79;20;SAN BLAS-CANILLEJAS;20006;REJAS;12623
2009;11;79;20;SAN BLAS-CANILLEJAS;20002;HELLIN;9615
2009;11;79;20;SAN BLAS-CANILLEJAS;20005;ROSAS;32060
2009;11;79;20;SAN BLAS-CANILLEJAS;20003;AMPOSTA;9013
2009;11;79;20;SAN BLAS-CANILLEJAS;20004;ARCOS;24606
2009;12;79;20;SAN BLAS-CANILLEJAS;20004;ARCOS;24620
2009;12;79;20;SAN BLAS-CANILLEJAS;20005;ROSAS;32046
2009;12;79;20;SAN BLAS-CANILLEJAS;20008;EL SALVADOR;12417
2009;12;79;20;SAN BLAS-CANILLEJAS;20001;SIMANCAS;27111
2009;12;79;20;SAN BLAS-CANILLEJAS;20002;HELLIN;9606
2009;12;79;20;SAN BLAS-CANILLEJAS;20006;REJAS;12715
2009;12;79;20;SAN BLAS-CANILLEJAS;20003;AMPOSTA;9026
2009;12;79;20;SAN BLAS-CANILLEJAS;20007;CANILLEJAS;31365
2009;1;79;6;TETUAN;6001;BELLAS VISTAS;29967
2009;1;79;6;TETUAN;6005;VALDEACEDERAS;25061
2009;1;79;6;TETUAN;6003;CASTILLEJOS;20906
2009;1;79;6;TETUAN;6004;ALMENARA;22151
2009;1;79;6;TETUAN;6006;BERRUGUETE;24351
2009;1;79;6;TETUAN;6002;CUATRO CAMINOS;35002
2009;2;79;6;TETUAN;6005;VALDEACEDERAS;25101
2009;2;79;6;TETUAN;6006;BERRUGUETE;24345
2009;2;79;6;TETUAN;6002;CUATRO CAMINOS;34893
2009;2;79;6;TETUAN;6001;BELLAS VISTAS;29977
2009;2;79;6;TETUAN;6003;CASTILLEJOS;20842
2009;2;79;6;TETUAN;6004;ALMENARA;22103
2009;3;79;6;TETUAN;6001;BELLAS VISTAS;30004
2009;3;79;6;TETUAN;6006;BERRUGUETE;24359
2009;3;79;6;TETUAN;6002;CUATRO CAMINOS;34878
2009;3;79;6;TETUAN;6005;VALDEACEDERAS;25137
2009;3;79;6;TETUAN;6004;ALMENARA;22087
2009;3;79;6;TETUAN;6003;CASTILLEJOS;20819
2009;4;79;6;TETUAN;6001;BELLAS VISTAS;30171
2009;4;79;6;TETUAN;6006;BERRUGUETE;24470
2009;4;79;6;TETUAN;6002;CUATRO CAMINOS;34990
2009;4;79;6;TETUAN;6004;ALMENARA;22179
2009;4;79;6;TETUAN;6003;CASTILLEJOS;20880
2009;4;79;6;TETUAN;6005;VALDEACEDERAS;25354
2009;5;79;6;TETUAN;6001;BELLAS VISTAS;30004
2009;5;79;6;TETUAN;6006;BERRUGUETE;24374
2009;5;79;6;TETUAN;6004;ALMENARA;22099
2009;5;79;6;TETUAN;6003;CASTILLEJOS;20800
2009;5;79;6;TETUAN;6002;CUATRO CAMINOS;34839
2009;5;79;6;TETUAN;6005;VALDEACEDERAS;25235
2009;6;79;6;TETUAN;6006;BERRUGUETE;24376
2009;6;79;6;TETUAN;6001;BELLAS VISTAS;30020
2009;6;79;6;TETUAN;6005;VALDEACEDERAS;25237
2009;6;79;6;TETUAN;6002;CUATRO CAMINOS;34860
2009;6;79;6;TETUAN;6003;CASTILLEJOS;20794
2009;6;79;6;TETUAN;6004;ALMENARA;22103
2009;7;79;6;TETUAN;6002;CUATRO CAMINOS;34820
2009;7;79;6;TETUAN;6001;BELLAS VISTAS;30023
2009;7;79;6;TETUAN;6003;CASTILLEJOS;20821
2009;7;79;6;TETUAN;6006;BERRUGUETE;24532
2009;7;79;6;TETUAN;6005;VALDEACEDERAS;25279
2009;7;79;6;TETUAN;6004;ALMENARA;22280
2009;8;79;6;TETUAN;6002;CUATRO CAMINOS;34826
2009;8;79;6;TETUAN;6001;BELLAS VISTAS;29977
2009;8;79;6;TETUAN;6003;CASTILLEJOS;20737
2009;8;79;6;TETUAN;6004;ALMENARA;22362
2009;8;79;6;TETUAN;6006;BERRUGUETE;24592
2009;8;79;6;TETUAN;6005;VALDEACEDERAS;25323
2009;9;79;6;TETUAN;6004;ALMENARA;22398
2009;9;79;6;TETUAN;6002;CUATRO CAMINOS;34816
2009;9;79;6;TETUAN;6003;CASTILLEJOS;20806
2009;9;79;6;TETUAN;6005;VALDEACEDERAS;25382
2009;9;79;6;TETUAN;6006;BERRUGUETE;24691
2009;9;79;6;TETUAN;6001;BELLAS VISTAS;29961
2009;10;79;6;TETUAN;6004;ALMENARA;22412
2009;10;79;6;TETUAN;6005;VALDEACEDERAS;25404
2009;10;79;6;TETUAN;6002;CUATRO CAMINOS;34830
2009;10;79;6;TETUAN;6003;CASTILLEJOS;20809
2009;10;79;6;TETUAN;6006;BERRUGUETE;24784
2009;10;79;6;TETUAN;6001;BELLAS VISTAS;29911
2009;11;79;6;TETUAN;6001;BELLAS VISTAS;29819
2009;11;79;6;TETUAN;6004;ALMENARA;22431
2009;11;79;6;TETUAN;6003;CASTILLEJOS;20771
2009;11;79;6;TETUAN;6002;CUATRO CAMINOS;34780
2009;11;79;6;TETUAN;6005;VALDEACEDERAS;25395
2009;11;79;6;TETUAN;6006;BERRUGUETE;24750
2009;12;79;6;TETUAN;6001;BELLAS VISTAS;29915
2009;12;79;6;TETUAN;6006;BERRUGUETE;24813
2009;12;79;6;TETUAN;6003;CASTILLEJOS;20818
2009;12;79;6;TETUAN;6004;ALMENARA;22466
2009;12;79;6;TETUAN;6002;CUATRO CAMINOS;34873
2009;12;79;6;TETUAN;6005;VALDEACEDERAS;25409
2009;1;79;12;USERA;12005;MOSCARDO;27688
2009;1;79;12;USERA;12006;ZOFIO;14663
2009;1;79;12;USERA;12003;SAN FERMIN;23184
2009;1;79;12;USERA;12007;PRADOLONGO;17868
2009;1;79;12;USERA;12004;ALMENDRALES;22654
2009;1;79;12;USERA;12002;ORCASUR;13293
2009;1;79;12;USERA;12001;ORCASITAS;22492
2009;2;79;12;USERA;12006;ZOFIO;14569
2009;2;79;12;USERA;12007;PRADOLONGO;17842
2009;2;79;12;USERA;12005;MOSCARDO;27655
2009;2;79;12;USERA;12002;ORCASUR;13251
2009;2;79;12;USERA;12004;ALMENDRALES;22568
2009;2;79;12;USERA;12001;ORCASITAS;22517
2009;2;79;12;USERA;12003;SAN FERMIN;23159
2009;3;79;12;USERA;12006;ZOFIO;14643
2009;3;79;12;USERA;12003;SAN FERMIN;23132
2009;3;79;12;USERA;12001;ORCASITAS;22526
2009;3;79;12;USERA;12007;PRADOLONGO;17895
2009;3;79;12;USERA;12004;ALMENDRALES;22603
2009;3;79;12;USERA;12002;ORCASUR;13319
2009;3;79;12;USERA;12005;MOSCARDO;27648
2009;4;79;12;USERA;12002;ORCASUR;13370
2009;4;79;12;USERA;12003;SAN FERMIN;23270
2009;4;79;12;USERA;12001;ORCASITAS;22663
2009;4;79;12;USERA;12005;MOSCARDO;27811
2009;4;79;12;USERA;12004;ALMENDRALES;22815
2009;4;79;12;USERA;12006;ZOFIO;14646
2009;4;79;12;USERA;12007;PRADOLONGO;18007
2009;5;79;12;USERA;12005;MOSCARDO;27656
2009;5;79;12;USERA;12007;PRADOLONGO;17875
2009;5;79;12;USERA;12002;ORCASUR;13334
2009;5;79;12;USERA;12003;SAN FERMIN;23181
2009;5;79;12;USERA;12004;ALMENDRALES;22642
2009;5;79;12;USERA;12006;ZOFIO;14607
2009;5;79;12;USERA;12001;ORCASITAS;22601
2009;6;79;12;USERA;12002;ORCASUR;13332
2009;6;79;12;USERA;12001;ORCASITAS;22566
2009;6;79;12;USERA;12007;PRADOLONGO;17934
2009;6;79;12;USERA;12006;ZOFIO;14590
2009;6;79;12;USERA;12004;ALMENDRALES;22719
2009;6;79;12;USERA;12005;MOSCARDO;27702
2009;6;79;12;USERA;12003;SAN FERMIN;23197
2009;7;79;12;USERA;12006;ZOFIO;14578
2009;7;79;12;USERA;12007;PRADOLONGO;17905
2009;7;79;12;USERA;12005;MOSCARDO;27661
2009;7;79;12;USERA;12002;ORCASUR;13329
2009;7;79;12;USERA;12003;SAN FERMIN;23246
2009;7;79;12;USERA;12001;ORCASITAS;22556
2009;7;79;12;USERA;12004;ALMENDRALES;22694
2009;8;79;12;USERA;12005;MOSCARDO;27677
2009;8;79;12;USERA;12006;ZOFIO;14588
2009;8;79;12;USERA;12007;PRADOLONGO;17895
2009;8;79;12;USERA;12002;ORCASUR;13315
2009;8;79;12;USERA;12003;SAN FERMIN;23244
2009;8;79;12;USERA;12001;ORCASITAS;22548
2009;8;79;12;USERA;12004;ALMENDRALES;22662
2009;9;79;12;USERA;12006;ZOFIO;14610
2009;9;79;12;USERA;12004;ALMENDRALES;22667
2009;9;79;12;USERA;12001;ORCASITAS;22555
2009;9;79;12;USERA;12003;SAN FERMIN;23311
2009;9;79;12;USERA;12007;PRADOLONGO;17900
2009;9;79;12;USERA;12002;ORCASUR;13357
2009;9;79;12;USERA;12005;MOSCARDO;27700
2009;10;79;12;USERA;12003;SAN FERMIN;23307
2009;10;79;12;USERA;12004;ALMENDRALES;22703
2009;10;79;12;USERA;12002;ORCASUR;13375
2009;10;79;12;USERA;12001;ORCASITAS;22541
2009;10;79;12;USERA;12005;MOSCARDO;27702
2009;10;79;12;USERA;12006;ZOFIO;14609
2009;10;79;12;USERA;12007;PRADOLONGO;17909
2009;11;79;12;USERA;12003;SAN FERMIN;23324
2009;11;79;12;USERA;12004;ALMENDRALES;22732
2009;11;79;12;USERA;12006;ZOFIO;14667
2009;11;79;12;USERA;12005;MOSCARDO;27693
2009;11;79;12;USERA;12002;ORCASUR;13383
2009;11;79;12;USERA;12007;PRADOLONGO;17943
2009;11;79;12;USERA;12001;ORCASITAS;22486
2009;12;79;12;USERA;12003;SAN FERMIN;23356
2009;12;79;12;USERA;12006;ZOFIO;14692
2009;12;79;12;USERA;12004;ALMENDRALES;22729
2009;12;79;12;USERA;12002;ORCASUR;13413
2009;12;79;12;USERA;12007;PRADOLONGO;17984
2009;12;79;12;USERA;12005;MOSCARDO;27712
2009;12;79;12;USERA;12001;ORCASITAS;22524
2009;1;79;19;VICALVARO;19001;CASCO H.VICALVARO;49217
2009;1;79;19;VICALVARO;19002;VALDEBERNARDO;20960
2009;2;79;19;VICALVARO;19002;VALDEBERNARDO;20941
2009;2;79;19;VICALVARO;19001;CASCO H.VICALVARO;49160
2009;3;79;19;VICALVARO;19001;CASCO H.VICALVARO;49112
2009;3;79;19;VICALVARO;19002;VALDEBERNARDO;20953
2009;4;79;19;VICALVARO;19002;VALDEBERNARDO;21068
2009;4;79;19;VICALVARO;19001;CASCO H.VICALVARO;49447
2009;5;79;19;VICALVARO;19002;VALDEBERNARDO;20958
2009;5;79;19;VICALVARO;19001;CASCO H.VICALVARO;49236
2009;6;79;19;VICALVARO;19002;VALDEBERNARDO;20989
2009;6;79;19;VICALVARO;19001;CASCO H.VICALVARO;49271
2009;7;79;19;VICALVARO;19001;CASCO H.VICALVARO;49365
2009;7;79;19;VICALVARO;19002;VALDEBERNARDO;20977
2009;8;79;19;VICALVARO;19002;VALDEBERNARDO;20982
2009;8;79;19;VICALVARO;19001;CASCO H.VICALVARO;49465
2009;9;79;19;VICALVARO;19002;VALDEBERNARDO;21071
2009;9;79;19;VICALVARO;19001;CASCO H.VICALVARO;49523
2009;10;79;19;VICALVARO;19002;VALDEBERNARDO;21055
2009;10;79;19;VICALVARO;19001;CASCO H.VICALVARO;49582
2009;11;79;19;VICALVARO;19002;VALDEBERNARDO;21021
2009;11;79;19;VICALVARO;19001;CASCO H.VICALVARO;49631
2009;12;79;19;VICALVARO;19002;VALDEBERNARDO;21071
2009;12;79;19;VICALVARO;19001;CASCO H.VICALVARO;49755
2009;1;79;18;VILLA DE VALLECAS;18002;SANTA EUGENIA;26988
2009;1;79;18;VILLA DE VALLECAS;18001;CASCO H.VALLECAS;54968
2009;2;79;18;VILLA DE VALLECAS;18002;SANTA EUGENIA;26941
2009;2;79;18;VILLA DE VALLECAS;18001;CASCO H.VALLECAS;55643
2009;3;79;18;VILLA DE VALLECAS;18002;SANTA EUGENIA;26874
2009;3;79;18;VILLA DE VALLECAS;18001;CASCO H.VALLECAS;56442
2009;4;79;18;VILLA DE VALLECAS;18002;SANTA EUGENIA;26918
2009;4;79;18;VILLA DE VALLECAS;18001;CASCO H.VALLECAS;57513
2009;5;79;18;VILLA DE VALLECAS;18002;SANTA EUGENIA;26807
2009;5;79;18;VILLA DE VALLECAS;18001;CASCO H.VALLECAS;57872
2009;6;79;18;VILLA DE VALLECAS;18001;CASCO H.VALLECAS;58286
2009;6;79;18;VILLA DE VALLECAS;18002;SANTA EUGENIA;26792
2009;7;79;18;VILLA DE VALLECAS;18002;SANTA EUGENIA;26733
2009;7;79;18;VILLA DE VALLECAS;18001;CASCO H.VALLECAS;58794
2009;8;79;18;VILLA DE VALLECAS;18001;CASCO H.VALLECAS;59300
2009;8;79;18;VILLA DE VALLECAS;18002;SANTA EUGENIA;26729
2009;9;79;18;VILLA DE VALLECAS;18001;CASCO H.VALLECAS;59976
2009;9;79;18;VILLA DE VALLECAS;18002;SANTA EUGENIA;26710
2009;10;79;18;VILLA DE VALLECAS;18002;SANTA EUGENIA;26687
2009;10;79;18;VILLA DE VALLECAS;18001;CASCO H.VALLECAS;60514
2009;11;79;18;VILLA DE VALLECAS;18002;SANTA EUGENIA;26631
2009;11;79;18;VILLA DE VALLECAS;18001;CASCO H.VALLECAS;60938
2009;12;79;18;VILLA DE VALLECAS;18002;SANTA EUGENIA;26645
2009;12;79;18;VILLA DE VALLECAS;18001;CASCO H.VALLECAS;61506
2009;1;79;17;VILLAVERDE;17005;LOS ANGELES;33698
2009;1;79;17;VILLAVERDE;17003;BUTARQUE;15096
2009;1;79;17;VILLAVERDE;17002;SAN CRISTOBAL;17006
2009;1;79;17;VILLAVERDE;17001;VILLAVERDE ALTO C.H.;45639
2009;1;79;17;VILLAVERDE;17004;LOS ROSALES;39114
2009;2;79;17;VILLAVERDE;17001;VILLAVERDE ALTO C.H.;45602
2009;2;79;17;VILLAVERDE;17004;LOS ROSALES;38988
2009;2;79;17;VILLAVERDE;17005;LOS ANGELES;33615
2009;2;79;17;VILLAVERDE;17003;BUTARQUE;15104
2009;2;79;17;VILLAVERDE;17002;SAN CRISTOBAL;16967
2009;3;79;17;VILLAVERDE;17005;LOS ANGELES;33549
2009;3;79;17;VILLAVERDE;17003;BUTARQUE;15142
2009;3;79;17;VILLAVERDE;17004;LOS ROSALES;38988
2009;3;79;17;VILLAVERDE;17002;SAN CRISTOBAL;16974
2009;3;79;17;VILLAVERDE;17001;VILLAVERDE ALTO C.H.;45639
2009;4;79;17;VILLAVERDE;17005;LOS ANGELES;33706
2009;4;79;17;VILLAVERDE;17001;VILLAVERDE ALTO C.H.;45899
2009;4;79;17;VILLAVERDE;17004;LOS ROSALES;39225
2009;4;79;17;VILLAVERDE;17002;SAN CRISTOBAL;17101
2009;4;79;17;VILLAVERDE;17003;BUTARQUE;15176
2009;5;79;17;VILLAVERDE;17005;LOS ANGELES;33560
2009;5;79;17;VILLAVERDE;17003;BUTARQUE;15120
2009;5;79;17;VILLAVERDE;17002;SAN CRISTOBAL;16974
2009;5;79;17;VILLAVERDE;17004;LOS ROSALES;39018
2009;5;79;17;VILLAVERDE;17001;VILLAVERDE ALTO C.H.;45564
2009;6;79;17;VILLAVERDE;17001;VILLAVERDE ALTO C.H.;45550
2009;6;79;17;VILLAVERDE;17002;SAN CRISTOBAL;17021
2009;6;79;17;VILLAVERDE;17005;LOS ANGELES;33512
2009;6;79;17;VILLAVERDE;17003;BUTARQUE;15126
2009;6;79;17;VILLAVERDE;17004;LOS ROSALES;38953
2009;7;79;17;VILLAVERDE;17001;VILLAVERDE ALTO C.H.;45569
2009;7;79;17;VILLAVERDE;17005;LOS ANGELES;33487
2009;7;79;17;VILLAVERDE;17004;LOS ROSALES;39018
2009;7;79;17;VILLAVERDE;17003;BUTARQUE;15138
2009;7;79;17;VILLAVERDE;17002;SAN CRISTOBAL;17042
2009;8;79;17;VILLAVERDE;17002;SAN CRISTOBAL;16997
2009;8;79;17;VILLAVERDE;17005;LOS ANGELES;33444
2009;8;79;17;VILLAVERDE;17004;LOS ROSALES;39063
2009;8;79;17;VILLAVERDE;17003;BUTARQUE;15208
2009;8;79;17;VILLAVERDE;17001;VILLAVERDE ALTO C.H.;45540
2009;9;79;17;VILLAVERDE;17002;SAN CRISTOBAL;17003
2009;9;79;17;VILLAVERDE;17005;LOS ANGELES;33449
2009;9;79;17;VILLAVERDE;17003;BUTARQUE;15252
2009;9;79;17;VILLAVERDE;17004;LOS ROSALES;39070
2009;9;79;17;VILLAVERDE;17001;VILLAVERDE ALTO C.H.;45626
2009;10;79;17;VILLAVERDE;17002;SAN CRISTOBAL;16976
2009;10;79;17;VILLAVERDE;17003;BUTARQUE;15302
2009;10;79;17;VILLAVERDE;17001;VILLAVERDE ALTO C.H.;45596
2009;10;79;17;VILLAVERDE;17004;LOS ROSALES;38998
2009;10;79;17;VILLAVERDE;17005;LOS ANGELES;33418
2009;11;79;17;VILLAVERDE;17003;BUTARQUE;15294
2009;11;79;17;VILLAVERDE;17005;LOS ANGELES;33399
2009;11;79;17;VILLAVERDE;17001;VILLAVERDE ALTO C.H.;45548
2009;11;79;17;VILLAVERDE;17002;SAN CRISTOBAL;16988
2009;11;79;17;VILLAVERDE;17004;LOS ROSALES;39016
2009;12;79;17;VILLAVERDE;17003;BUTARQUE;15332
2009;12;79;17;VILLAVERDE;17004;LOS ROSALES;39085
2009;12;79;17;VILLAVERDE;17001;VILLAVERDE ALTO C.H.;45620
2009;12;79;17;VILLAVERDE;17002;SAN CRISTOBAL;16960
2009;12;79;17;VILLAVERDE;17005;LOS ANGELES;33419
