year,month,district,zone,value
2004,1,ARGANZUELA,IMPERIAL,22931
2004,1,ARGANZUELA,LEGAZPI,8919
2004,1,ARGANZUELA,PALOS DE MOGUER,28377
2004,1,ARGANZUELA,CHOPERA,22919
2004,1,ARGANZUELA,DELICIAS,25236
2004,1,ARGANZUELA,ATOCHA,1150
2004,1,ARGANZUELA,ACACIAS,37905
2004,2,ARGANZUELA,PALOS DE MOGUER,28291
2004,2,ARGANZUELA,DELICIAS,25123
2004,2,ARGANZUELA,IMPERIAL,22888
2004,2,ARGANZUELA,CHOPERA,22800
2004,2,ARGANZUELA,LEGAZPI,8942
2004,2,ARGANZUELA,ACACIAS,37836
2004,2,ARGANZUELA,ATOCHA,1150
2004,3,ARGANZUELA,LEGAZPI,8950
2004,3,ARGANZUELA,IMPERIAL,22933
2004,3,ARGANZUELA,DELICIAS,25119
2004,3,ARGANZUELA,CHOPERA,22804
2004,3,ARGANZUELA,PALOS DE MOGUER,28307
2004,3,ARGANZUELA,ATOCHA,1147
2004,3,ARGANZUELA,ACACIAS,37871
2004,4,ARGANZUELA,ACACIAS,37811
2004,4,ARGANZUELA,IMPERIAL,22952
2004,4,ARGANZUELA,ATOCHA,1128
2004,4,ARGANZUELA,LEGAZPI,9006
2004,4,ARGANZUELA,PALOS DE MOGUER,28433
2004,4,ARGANZUELA,CHOPERA,22734
2004,4,ARGANZUELA,DELICIAS,25137
2004,5,ARGANZUELA,ACACIAS,37853
2004,5,ARGANZUELA,ATOCHA,1128
2004,5,ARGANZUELA,DELICIAS,25270
2004,5,ARGANZUELA,LEGAZPI,9070
2004,5,ARGANZUELA,IMPERIAL,23030
2004,5,ARGANZUELA,CHOPERA,22760
2004,5,ARGANZUELA,PALOS DE MOGUER,28799
2004,6,ARGANZUELA,LEGAZPI,9110
2004,6,ARGANZUELA,ATOCHA,1136
2004,6,ARGANZUELA,IMPERIAL,23038
2004,6,ARGANZUELA,PALOS DE MOGUER,28925
2004,6,ARGANZUELA,DELICIAS,25298
2004,6,ARGANZUELA,CHOPERA,22721
2004,6,ARGANZUELA,ACACIAS,37893
2004,7,ARGANZUELA,ATOCHA,1129
2004,7,ARGANZUELA,ACACIAS,37729
2004,7,ARGANZUELA,LEGAZPI,9136
2004,7,ARGANZUELA,IMPERIAL,22925
2004,7,ARGANZUELA,CHOPERA,22678
2004,7,ARGANZUELA,DELICIAS,25265
2004,7,ARGANZUELA,PALOS DE MOGUER,28929
2004,8,ARGANZUELA,CHOPERA,22751
2004,8,ARGANZUELA,DELICIAS,25376
2004,8,ARGANZUELA,PALOS DE MOGUER,29061
2004,8,ARGANZUELA,ACACIAS,37836
2004,8,ARGANZUELA,ATOCHA,1145
2004,8,ARGANZUELA,LEGAZPI,9237
2004,8,ARGANZUELA,IMPERIAL,23013
2004,9,ARGANZUELA,CHOPERA,22853
2004,9,ARGANZUELA,IMPERIAL,23100
2004,9,ARGANZUELA,PALOS DE MOGUER,29232
2004,9,ARGANZUELA,ATOCHA,1145
2004,9,ARGANZUELA,DELICIAS,25466
2004,9,ARGANZUELA,ACACIAS,37934
2004,9,ARGANZUELA,LEGAZPI,9291
2004,10,ARGANZUELA,IMPERIAL,23009
2004,10,ARGANZUELA,CHOPERA,22674
2004,10,ARGANZUELA,LEGAZPI,9316
2004,10,ARGANZUELA,ATOCHA,1154
2004,10,ARGANZUELA,ACACIAS,37816
2004,10,ARGANZUELA,PALOS DE MOGUER,29086
2004,10,ARGANZUELA,DELICIAS,25412
2004,11,ARGANZUELA,LEGAZPI,9357
2004,11,ARGANZUELA,PALOS DE MOGUER,29240
2004,11,ARGANZUELA,DELICIAS,25516
2004,11,ARGANZUELA,IMPERIAL,23083
2004,11,ARGANZUELA,ACACIAS,37919
2004,11,ARGANZUELA,CHOPERA,22712
2004,11,ARGANZUELA,ATOCHA,1155
2004,12,ARGANZUELA,IMPERIAL,23027
2004,12,ARGANZUELA,DELICIAS,25484
2004,12,ARGANZUELA,LEGAZPI,9401
2004,12,ARGANZUELA,ATOCHA,1168
2004,12,ARGANZUELA,CHOPERA,22670
2004,12,ARGANZUELA,PALOS DE MOGUER,29234
2004,12,ARGANZUELA,ACACIAS,37829
2004,1,BARAJAS,AEROPUERTO,2374
2004,1,BARAJAS,CASCO H.BARAJAS,7772
2004,1,BARAJAS,ALAMEDA DE OSUNA,19802
2004,1,BARAJAS,CORRALEJOS,4276
2004,1,BARAJAS,TIMON,7325
2004,2,BARAJAS,CORRALEJOS,4313
2004,2,BARAJAS,CASCO H.BARAJAS,7767
2004,2,BARAJAS,AEROPUERTO,2354
2004,2,BARAJAS,ALAMEDA DE OSUNA,19712
2004,2,BARAJAS,TIMON,7296
2004,3,BARAJAS,ALAMEDA DE OSUNA,19785
2004,3,BARAJAS,TIMON,7340
2004,3,BARAJAS,CORRALEJOS,4327
2004,3,BARAJAS,AEROPUERTO,2352
2004,3,BARAJAS,CASCO H.BARAJAS,7782
2004,4,BARAJAS,TIMON,7377
2004,4,BARAJAS,CORRALEJOS,4387
2004,4,BARAJAS,AEROPUERTO,2361
2004,4,BARAJAS,CASCO H.BARAJAS,7787
2004,4,BARAJAS,ALAMEDA DE OSUNA,19820
2004,5,BARAJAS,AEROPUERTO,2356
2004,5,BARAJAS,CORRALEJOS,4440
2004,5,BARAJAS,CASCO H.BARAJAS,7805
2004,5,BARAJAS,TIMON,7412
2004,5,BARAJAS,ALAMEDA DE OSUNA,19890
2004,6,BARAJAS,ALAMEDA DE OSUNA,19953
2004,6,BARAJAS,TIMON,7444
2004,6,BARAJAS,CORRALEJOS,4504
2004,6,BARAJAS,CASCO H.BARAJAS,7798
2004,6,BARAJAS,AEROPUERTO,2346
2004,7,BARAJAS,TIMON,7435
2004,7,BARAJAS,ALAMEDA DE OSUNA,19915
2004,7,BARAJAS,CASCO H.BARAJAS,7767
2004,7,BARAJAS,CORRALEJOS,4531
2004,7,BARAJAS,AEROPUERTO,2332
2004,8,BARAJAS,CORRALEJOS,4577
2004,8,BARAJAS,ALAMEDA DE OSUNA,19972
2004,8,BARAJAS,TIMON,7475
2004,8,BARAJAS,CASCO H.BARAJAS,7816
2004,8,BARAJAS,AEROPUERTO,2352
2004,9,BARAJAS,CASCO H.BARAJAS,7848
2004,9,BARAJAS,CORRALEJOS,4614
2004,9,BARAJAS,AEROPUERTO,2352
2004,9,BARAJAS,TIMON,7540
2004,9,BARAJAS,ALAMEDA DE OSUNA,20078
2004,10,BARAJAS,CORRALEJOS,4621
2004,10,BARAJAS,CASCO H.BARAJAS,7790
2004,10,BARAJAS,TIMON,7515
2004,10,BARAJAS,ALAMEDA DE OSUNA,20024
2004,10,BARAJAS,AEROPUERTO,2326
2004,11,BARAJAS,CASCO H.BARAJAS,7823
2004,11,BARAJAS,CORRALEJOS,4654
2004,11,BARAJAS,AEROPUERTO,2329
2004,11,BARAJAS,ALAMEDA DE OSUNA,20086
2004,11,BARAJAS,TIMON,7552
2004,12,BARAJAS,ALAMEDA DE OSUNA,20102
2004,12,BARAJAS,TIMON,7562
2004,12,BARAJAS,CASCO H.BARAJAS,7799
2004,12,BARAJAS,AEROPUERTO,2310
2004,12,BARAJAS,CORRALEJOS,4701
2004,1,CARABANCHEL,PUERTA BONITA,34668
2004,1,CARABANCHEL,COMILLAS,25436
2004,1,CARABANCHEL,VISTA ALEGRE,49124
2004,1,CARABANCHEL,SAN ISIDRO,40468
2004,1,CARABANCHEL,OPAÑEL,34073
2004,1,CARABANCHEL,ABRANTES,29035
2004,1,CARABANCHEL,BUENAVISTA,25898
2004,2,CARABANCHEL,BUENAVISTA,25783
2004,2,CARABANCHEL,VISTA ALEGRE,48970
2004,2,CARABANCHEL,COMILLAS,25344
2004,2,CARABANCHEL,PUERTA BONITA,34593
2004,2,CARABANCHEL,OPAÑEL,33884
2004,2,CARABANCHEL,SAN ISIDRO,40317
2004,2,CARABANCHEL,ABRANTES,29060
2004,3,CARABANCHEL,BUENAVISTA,25847
2004,3,CARABANCHEL,ABRANTES,29196
2004,3,CARABANCHEL,OPAÑEL,33919
2004,3,CARABANCHEL,SAN ISIDRO,40344
2004,3,CARABANCHEL,VISTA ALEGRE,49100
2004,3,CARABANCHEL,COMILLAS,25375
2004,3,CARABANCHEL,PUERTA BONITA,34690
2004,4,CARABANCHEL,PUERTA BONITA,34741
2004,4,CARABANCHEL,SAN ISIDRO,40326
2004,4,CARABANCHEL,VISTA ALEGRE,49074
2004,4,CARABANCHEL,BUENAVISTA,25886
2004,4,CARABANCHEL,ABRANTES,29326
2004,4,CARABANCHEL,OPAÑEL,33920
2004,4,CARABANCHEL,COMILLAS,25368
2004,5,CARABANCHEL,BUENAVISTA,25954
2004,5,CARABANCHEL,ABRANTES,29461
2004,5,CARABANCHEL,VISTA ALEGRE,49200
2004,5,CARABANCHEL,COMILLAS,25379
2004,5,CARABANCHEL,PUERTA BONITA,34878
2004,5,CARABANCHEL,OPAÑEL,34060
2004,5,CARABANCHEL,SAN ISIDRO,40461
2004,6,CARABANCHEL,ABRANTES,29590
2004,6,CARABANCHEL,PUERTA BONITA,34919
2004,6,CARABANCHEL,COMILLAS,25353
2004,6,CARABANCHEL,OPAÑEL,34114
2004,6,CARABANCHEL,BUENAVISTA,25992
2004,6,CARABANCHEL,SAN ISIDRO,40494
2004,6,CARABANCHEL,VISTA ALEGRE,49118
2004,7,CARABANCHEL,VISTA ALEGRE,49033
2004,7,CARABANCHEL,PUERTA BONITA,34863
2004,7,CARABANCHEL,COMILLAS,25206
2004,7,CARABANCHEL,ABRANTES,29635
2004,7,CARABANCHEL,OPAÑEL,33997
2004,7,CARABANCHEL,BUENAVISTA,25960
2004,7,CARABANCHEL,SAN ISIDRO,40443
2004,8,CARABANCHEL,BUENAVISTA,26339
2004,8,CARABANCHEL,PUERTA BONITA,35026
2004,8,CARABANCHEL,COMILLAS,25347
2004,8,CARABANCHEL,ABRANTES,29803
2004,8,CARABANCHEL,SAN ISIDRO,40664
2004,8,CARABANCHEL,VISTA ALEGRE,49311
2004,8,CARABANCHEL,OPAÑEL,34132
2004,9,CARABANCHEL,OPAÑEL,34301
2004,9,CARABANCHEL,ABRANTES,30048
2004,9,CARABANCHEL,PUERTA BONITA,35193
2004,9,CARABANCHEL,COMILLAS,25438
2004,9,CARABANCHEL,VISTA ALEGRE,49463
2004,9,CARABANCHEL,BUENAVISTA,26886
2004,9,CARABANCHEL,SAN ISIDRO,40815
2004,10,CARABANCHEL,OPAÑEL,34216
2004,10,CARABANCHEL,VISTA ALEGRE,49234
2004,10,CARABANCHEL,SAN ISIDRO,40607
2004,10,CARABANCHEL,BUENAVISTA,27113
2004,10,CARABANCHEL,PUERTA BONITA,34967
2004,10,CARABANCHEL,ABRANTES,29978
2004,10,CARABANCHEL,COMILLAS,25267
2004,11,CARABANCHEL,PUERTA BONITA,35169
2004,11,CARABANCHEL,OPAÑEL,34396
2004,11,CARABANCHEL,BUENAVISTA,27599
2004,11,CARABANCHEL,ABRANTES,30169
2004,11,CARABANCHEL,VISTA ALEGRE,49553
2004,11,CARABANCHEL,COMILLAS,25384
2004,11,CARABANCHEL,SAN ISIDRO,40716
2004,12,CARABANCHEL,COMILLAS,25230
2004,12,CARABANCHEL,BUENAVISTA,27831
2004,12,CARABANCHEL,ABRANTES,30176
2004,12,CARABANCHEL,VISTA ALEGRE,49518
2004,12,CARABANCHEL,OPAÑEL,34339
2004,12,CARABANCHEL,SAN ISIDRO,40634
2004,12,CARABANCHEL,PUERTA BONITA,35095
2004,1,CENTRO,UNIVERSIDAD,35981
2004,1,CENTRO,PALACIO,25547
2004,1,CENTRO,SOL,9049
2004,1,CENTRO,JUSTICIA,18196
2004,1,CENTRO,CORTES,11726
2004,1,CENTRO,EMBAJADORES,50940
2004,2,CENTRO,UNIVERSIDAD,35779
2004,2,CENTRO,SOL,9033
2004,2,CENTRO,EMBAJADORES,50744
2004,2,CENTRO,PALACIO,25387
2004,2,CENTRO,CORTES,11694
2004,2,CENTRO,JUSTICIA,18141
2004,3,CENTRO,SOL,9053
2004,3,CENTRO,EMBAJADORES,50917
2004,3,CENTRO,PALACIO,25378
2004,3,CENTRO,CORTES,11721
2004,3,CENTRO,JUSTICIA,18153
2004,3,CENTRO,UNIVERSIDAD,35838
2004,4,CENTRO,JUSTICIA,18150
2004,4,CENTRO,SOL,9039
2004,4,CENTRO,EMBAJADORES,51008
2004,4,CENTRO,CORTES,11683
2004,4,CENTRO,PALACIO,25381
2004,4,CENTRO,UNIVERSIDAD,35774
2004,5,CENTRO,PALACIO,25066
2004,5,CENTRO,SOL,9073
2004,5,CENTRO,CORTES,11712
2004,5,CENTRO,UNIVERSIDAD,35883
2004,5,CENTRO,EMBAJADORES,51415
2004,5,CENTRO,JUSTICIA,18179
2004,6,CENTRO,EMBAJADORES,51560
2004,6,CENTRO,UNIVERSIDAD,35925
2004,6,CENTRO,PALACIO,25066
2004,6,CENTRO,CORTES,11694
2004,6,CENTRO,SOL,9086
2004,6,CENTRO,JUSTICIA,18217
2004,7,CENTRO,CORTES,11633
2004,7,CENTRO,UNIVERSIDAD,35874
2004,7,CENTRO,EMBAJADORES,51499
2004,7,CENTRO,SOL,9049
2004,7,CENTRO,PALACIO,24974
2004,7,CENTRO,JUSTICIA,18140
2004,8,CENTRO,UNIVERSIDAD,36015
2004,8,CENTRO,EMBAJADORES,51731
2004,8,CENTRO,PALACIO,25122
2004,8,CENTRO,SOL,9080
2004,8,CENTRO,CORTES,11677
2004,8,CENTRO,JUSTICIA,18178
2004,9,CENTRO,SOL,9117
2004,9,CENTRO,JUSTICIA,18251
2004,9,CENTRO,CORTES,11801
2004,9,CENTRO,UNIVERSIDAD,36143
2004,9,CENTRO,PALACIO,25187
2004,9,CENTRO,EMBAJADORES,52033
2004,10,CENTRO,UNIVERSIDAD,35980
2004,10,CENTRO,PALACIO,25109
2004,10,CENTRO,JUSTICIA,18139
2004,10,CENTRO,CORTES,11822
2004,10,CENTRO,EMBAJADORES,51772
2004,10,CENTRO,SOL,9089
2004,11,CENTRO,SOL,9128
2004,11,CENTRO,UNIVERSIDAD,36173
2004,11,CENTRO,EMBAJADORES,52236
2004,11,CENTRO,CORTES,11885
2004,11,CENTRO,PALACIO,25282
2004,11,CENTRO,JUSTICIA,18198
2004,12,CENTRO,PALACIO,25180
2004,12,CENTRO,UNIVERSIDAD,36013
2004,12,CENTRO,EMBAJADORES,52268
2004,12,CENTRO,JUSTICIA,18159
2004,12,CENTRO,SOL,9081
2004,12,CENTRO,CORTES,11862
2004,1,CHAMARTIN,HISPANOAMERICA,30685
2004,1,CHAMARTIN,NUEVA ESPAÑA,22771
2004,1,CHAMARTIN,PROSPERIDAD,38206
2004,1,CHAMARTIN,CIUDAD JARDIN,18975
2004,1,CHAMARTIN,EL VISO,15531
2004,1,CHAMARTIN,CASTILLA,17415
2004,2,CHAMARTIN,CIUDAD JARDIN,18938
2004,2,CHAMARTIN,HISPANOAMERICA,30560
2004,2,CHAMARTIN,CASTILLA,17360
2004,2,CHAMARTIN,PROSPERIDAD,38047
2004,2,CHAMARTIN,EL VISO,15442
2004,2,CHAMARTIN,NUEVA ESPAÑA,22691
2004,3,CHAMARTIN,HISPANOAMERICA,30662
2004,3,CHAMARTIN,CASTILLA,17366
2004,3,CHAMARTIN,EL VISO,15428
2004,3,CHAMARTIN,PROSPERIDAD,38108
2004,3,CHAMARTIN,NUEVA ESPAÑA,22767
2004,3,CHAMARTIN,CIUDAD JARDIN,18974
2004,4,CHAMARTIN,PROSPERIDAD,38092
2004,4,CHAMARTIN,NUEVA ESPAÑA,22769
2004,4,CHAMARTIN,CIUDAD JARDIN,18895
2004,4,CHAMARTIN,HISPANOAMERICA,30708
2004,4,CHAMARTIN,EL VISO,15506
2004,4,CHAMARTIN,CASTILLA,17401
2004,5,CHAMARTIN,EL VISO,15638
2004,5,CHAMARTIN,HISPANOAMERICA,30771
2004,5,CHAMARTIN,CIUDAD JARDIN,18927
2004,5,CHAMARTIN,NUEVA ESPAÑA,22918
2004,5,CHAMARTIN,CASTILLA,17375
2004,5,CHAMARTIN,PROSPERIDAD,38125
2004,6,CHAMARTIN,CIUDAD JARDIN,18924
2004,6,CHAMARTIN,HISPANOAMERICA,30761
2004,6,CHAMARTIN,CASTILLA,17327
2004,6,CHAMARTIN,NUEVA ESPAÑA,23001
2004,6,CHAMARTIN,PROSPERIDAD,38109
2004,6,CHAMARTIN,EL VISO,15690
2004,7,CHAMARTIN,CASTILLA,17198
2004,7,CHAMARTIN,HISPANOAMERICA,30697
2004,7,CHAMARTIN,PROSPERIDAD,38005
2004,7,CHAMARTIN,NUEVA ESPAÑA,22893
2004,7,CHAMARTIN,CIUDAD JARDIN,18854
2004,7,CHAMARTIN,EL VISO,15626
2004,8,CHAMARTIN,EL VISO,15648
2004,8,CHAMARTIN,PROSPERIDAD,38106
2004,8,CHAMARTIN,NUEVA ESPAÑA,22942
2004,8,CHAMARTIN,CIUDAD JARDIN,18919
2004,8,CHAMARTIN,HISPANOAMERICA,30747
2004,8,CHAMARTIN,CASTILLA,17223
2004,9,CHAMARTIN,CASTILLA,17242
2004,9,CHAMARTIN,EL VISO,15744
2004,9,CHAMARTIN,NUEVA ESPAÑA,22995
2004,9,CHAMARTIN,CIUDAD JARDIN,18980
2004,9,CHAMARTIN,HISPANOAMERICA,30850
2004,9,CHAMARTIN,PROSPERIDAD,38163
2004,10,CHAMARTIN,CASTILLA,17147
2004,10,CHAMARTIN,EL VISO,15727
2004,10,CHAMARTIN,PROSPERIDAD,37975
2004,10,CHAMARTIN,CIUDAD JARDIN,18874
2004,10,CHAMARTIN,HISPANOAMERICA,30743
2004,10,CHAMARTIN,NUEVA ESPAÑA,22902
2004,11,CHAMARTIN,EL VISO,15822
2004,11,CHAMARTIN,HISPANOAMERICA,30817
2004,11,CHAMARTIN,PROSPERIDAD,38110
2004,11,CHAMARTIN,CIUDAD JARDIN,18910
2004,11,CHAMARTIN,NUEVA ESPAÑA,22998
2004,11,CHAMARTIN,CASTILLA,17164
2004,12,CHAMARTIN,CIUDAD JARDIN,18833
2004,12,CHAMARTIN,NUEVA ESPAÑA,22919
2004,12,CHAMARTIN,HISPANOAMERICA,30785
2004,12,CHAMARTIN,PROSPERIDAD,37969
2004,12,CHAMARTIN,EL VISO,15782
2004,12,CHAMARTIN,CASTILLA,17124
2004,1,CHAMBERI,RIOS ROSAS,28500
2004,1,CHAMBERI,TRAFALGAR,27642
2004,1,CHAMBERI,ARAPILES,28282
2004,1,CHAMBERI,VALLEHERMOSO,21290
2004,1,CHAMBERI,ALMAGRO,20843
2004,1,CHAMBERI,GAZTAMBIDE,26265
2004,2,CHAMBERI,VALLEHERMOSO,21201
2004,2,CHAMBERI,TRAFALGAR,27508
2004,2,CHAMBERI,ALMAGRO,20753
2004,2,CHAMBERI,GAZTAMBIDE,26144
2004,2,CHAMBERI,ARAPILES,28158
2004,2,CHAMBERI,RIOS ROSAS,28412
2004,3,CHAMBERI,RIOS ROSAS,28571
2004,3,CHAMBERI,ARAPILES,28142
2004,3,CHAMBERI,GAZTAMBIDE,26177
2004,3,CHAMBERI,TRAFALGAR,27518
2004,3,CHAMBERI,VALLEHERMOSO,21270
2004,3,CHAMBERI,ALMAGRO,20806
2004,4,CHAMBERI,VALLEHERMOSO,21352
2004,4,CHAMBERI,ALMAGRO,20800
2004,4,CHAMBERI,ARAPILES,28057
2004,4,CHAMBERI,TRAFALGAR,27513
2004,4,CHAMBERI,RIOS ROSAS,28594
2004,4,CHAMBERI,GAZTAMBIDE,26165
2004,5,CHAMBERI,TRAFALGAR,27606
2004,5,CHAMBERI,VALLEHERMOSO,21476
2004,5,CHAMBERI,GAZTAMBIDE,26152
2004,5,CHAMBERI,ALMAGRO,20823
2004,5,CHAMBERI,ARAPILES,28103
2004,5,CHAMBERI,RIOS ROSAS,28679
2004,6,CHAMBERI,RIOS ROSAS,28730
2004,6,CHAMBERI,TRAFALGAR,27604
2004,6,CHAMBERI,GAZTAMBIDE,26129
2004,6,CHAMBERI,ARAPILES,28056
2004,6,CHAMBERI,VALLEHERMOSO,21516
2004,6,CHAMBERI,ALMAGRO,20828
2004,7,CHAMBERI,VALLEHERMOSO,21480
2004,7,CHAMBERI,RIOS ROSAS,28661
2004,7,CHAMBERI,ALMAGRO,20788
2004,7,CHAMBERI,TRAFALGAR,27507
2004,7,CHAMBERI,GAZTAMBIDE,26004
2004,7,CHAMBERI,ARAPILES,27970
2004,8,CHAMBERI,GAZTAMBIDE,26035
2004,8,CHAMBERI,ARAPILES,28020
2004,8,CHAMBERI,TRAFALGAR,27569
2004,8,CHAMBERI,ALMAGRO,20848
2004,8,CHAMBERI,VALLEHERMOSO,21524
2004,8,CHAMBERI,RIOS ROSAS,28758
2004,9,CHAMBERI,TRAFALGAR,27684
2004,9,CHAMBERI,ARAPILES,28140
2004,9,CHAMBERI,GAZTAMBIDE,26165
2004,9,CHAMBERI,RIOS ROSAS,28958
2004,9,CHAMBERI,ALMAGRO,20990
2004,9,CHAMBERI,VALLEHERMOSO,21590
2004,10,CHAMBERI,VALLEHERMOSO,21512
2004,10,CHAMBERI,ALMAGRO,20929
2004,10,CHAMBERI,TRAFALGAR,27562
2004,10,CHAMBERI,RIOS ROSAS,28843
2004,10,CHAMBERI,ARAPILES,27966
2004,10,CHAMBERI,GAZTAMBIDE,25970
2004,11,CHAMBERI,GAZTAMBIDE,26035
2004,11,CHAMBERI,RIOS ROSAS,28981
2004,11,CHAMBERI,VALLEHERMOSO,21587
2004,11,CHAMBERI,TRAFALGAR,27729
2004,11,CHAMBERI,ARAPILES,28107
2004,11,CHAMBERI,ALMAGRO,21016
2004,12,CHAMBERI,GAZTAMBIDE,25994
2004,12,CHAMBERI,ALMAGRO,20980
2004,12,CHAMBERI,RIOS ROSAS,28911
2004,12,CHAMBERI,VALLEHERMOSO,21522
2004,12,CHAMBERI,TRAFALGAR,27621
2004,12,CHAMBERI,ARAPILES,27996
2004,1,CIUDAD LINEAL,COSTILLARES,23746
2004,1,CIUDAD LINEAL,COLINA,6385
2004,1,CIUDAD LINEAL,CONCEPCION,22555
2004,1,CIUDAD LINEAL,SAN JUAN BAUTISTA,13064
2004,1,CIUDAD LINEAL,SAN PASCUAL,20678
2004,1,CIUDAD LINEAL,ATALAYA,1701
2004,1,CIUDAD LINEAL,PUEBLO NUEVO,66138
2004,1,CIUDAD LINEAL,VENTAS,54164
2004,1,CIUDAD LINEAL,QUINTANA,26571
2004,2,CIUDAD LINEAL,SAN PASCUAL,20661
2004,2,CIUDAD LINEAL,QUINTANA,26508
2004,2,CIUDAD LINEAL,SAN JUAN BAUTISTA,13061
2004,2,CIUDAD LINEAL,ATALAYA,1690
2004,2,CIUDAD LINEAL,VENTAS,53991
2004,2,CIUDAD LINEAL,COSTILLARES,23640
2004,2,CIUDAD LINEAL,PUEBLO NUEVO,65856
2004,2,CIUDAD LINEAL,CONCEPCION,22469
2004,2,CIUDAD LINEAL,COLINA,6394
2004,3,CIUDAD LINEAL,QUINTANA,26529
2004,3,CIUDAD LINEAL,CONCEPCION,22511
2004,3,CIUDAD LINEAL,ATALAYA,1699
2004,3,CIUDAD LINEAL,PUEBLO NUEVO,65908
2004,3,CIUDAD LINEAL,SAN PASCUAL,20654
2004,3,CIUDAD LINEAL,VENTAS,54010
2004,3,CIUDAD LINEAL,COSTILLARES,23645
2004,3,CIUDAD LINEAL,SAN JUAN BAUTISTA,13083
2004,3,CIUDAD LINEAL,COLINA,6396
2004,4,CIUDAD LINEAL,PUEBLO NUEVO,65830
2004,4,CIUDAD LINEAL,COSTILLARES,23638
2004,4,CIUDAD LINEAL,VENTAS,53936
2004,4,CIUDAD LINEAL,CONCEPCION,22553
2004,4,CIUDAD LINEAL,COLINA,6412
2004,4,CIUDAD LINEAL,SAN PASCUAL,20623
2004,4,CIUDAD LINEAL,QUINTANA,26546
2004,4,CIUDAD LINEAL,SAN JUAN BAUTISTA,13057
2004,4,CIUDAD LINEAL,ATALAYA,1691
2004,5,CIUDAD LINEAL,PUEBLO NUEVO,66012
2004,5,CIUDAD LINEAL,SAN JUAN BAUTISTA,13066
2004,5,CIUDAD LINEAL,QUINTANA,26585
2004,5,CIUDAD LINEAL,ATALAYA,1694
2004,5,CIUDAD LINEAL,VENTAS,53999
2004,5,CIUDAD LINEAL,CONCEPCION,22623
2004,5,CIUDAD LINEAL,COSTILLARES,23656
2004,5,CIUDAD LINEAL,SAN PASCUAL,20679
2004,5,CIUDAD LINEAL,COLINA,6422
2004,6,CIUDAD LINEAL,QUINTANA,26550
2004,6,CIUDAD LINEAL,PUEBLO NUEVO,65991
2004,6,CIUDAD LINEAL,SAN PASCUAL,20694
2004,6,CIUDAD LINEAL,COLINA,6430
2004,6,CIUDAD LINEAL,SAN JUAN BAUTISTA,13020
2004,6,CIUDAD LINEAL,COSTILLARES,23716
2004,6,CIUDAD LINEAL,ATALAYA,1697
2004,6,CIUDAD LINEAL,VENTAS,54009
2004,6,CIUDAD LINEAL,CONCEPCION,22603
2004,7,CIUDAD LINEAL,QUINTANA,26476
2004,7,CIUDAD LINEAL,PUEBLO NUEVO,65727
2004,7,CIUDAD LINEAL,COLINA,6394
2004,7,CIUDAD LINEAL,CONCEPCION,22482
2004,7,CIUDAD LINEAL,SAN PASCUAL,20616
2004,7,CIUDAD LINEAL,SAN JUAN BAUTISTA,12981
2004,7,CIUDAD LINEAL,COSTILLARES,23644
2004,7,CIUDAD LINEAL,VENTAS,53825
2004,7,CIUDAD LINEAL,ATALAYA,1700
2004,8,CIUDAD LINEAL,QUINTANA,26562
2004,8,CIUDAD LINEAL,PUEBLO NUEVO,65981
2004,8,CIUDAD LINEAL,COLINA,6405
2004,8,CIUDAD LINEAL,CONCEPCION,22503
2004,8,CIUDAD LINEAL,SAN JUAN BAUTISTA,13021
2004,8,CIUDAD LINEAL,VENTAS,53989
2004,8,CIUDAD LINEAL,COSTILLARES,23686
2004,8,CIUDAD LINEAL,ATALAYA,1702
2004,8,CIUDAD LINEAL,SAN PASCUAL,20607
2004,9,CIUDAD LINEAL,VENTAS,54110
2004,9,CIUDAD LINEAL,SAN PASCUAL,20665
2004,9,CIUDAD LINEAL,PUEBLO NUEVO,66184
2004,9,CIUDAD LINEAL,QUINTANA,26627
2004,9,CIUDAD LINEAL,COSTILLARES,23704
2004,9,CIUDAD LINEAL,CONCEPCION,22520
2004,9,CIUDAD LINEAL,SAN JUAN BAUTISTA,13059
2004,9,CIUDAD LINEAL,COLINA,6402
2004,9,CIUDAD LINEAL,ATALAYA,1713
2004,10,CIUDAD LINEAL,SAN JUAN BAUTISTA,13011
2004,10,CIUDAD LINEAL,COSTILLARES,23640
2004,10,CIUDAD LINEAL,ATALAYA,1716
2004,10,CIUDAD LINEAL,COLINA,6380
2004,10,CIUDAD LINEAL,VENTAS,53860
2004,10,CIUDAD LINEAL,QUINTANA,26534
2004,10,CIUDAD LINEAL,SAN PASCUAL,20581
2004,10,CIUDAD LINEAL,PUEBLO NUEVO,65890
2004,10,CIUDAD LINEAL,CONCEPCION,22411
2004,11,CIUDAD LINEAL,VENTAS,54089
2004,11,CIUDAD LINEAL,QUINTANA,26658
2004,11,CIUDAD LINEAL,ATALAYA,1720
2004,11,CIUDAD LINEAL,COSTILLARES,23685
2004,11,CIUDAD LINEAL,SAN PASCUAL,20623
2004,11,CIUDAD LINEAL,SAN JUAN BAUTISTA,13027
2004,11,CIUDAD LINEAL,CONCEPCION,22468
2004,11,CIUDAD LINEAL,PUEBLO NUEVO,66211
2004,11,CIUDAD LINEAL,COLINA,6391
2004,12,CIUDAD LINEAL,SAN PASCUAL,20597
2004,12,CIUDAD LINEAL,QUINTANA,26604
2004,12,CIUDAD LINEAL,CONCEPCION,22382
2004,12,CIUDAD LINEAL,ATALAYA,1731
2004,12,CIUDAD LINEAL,SAN JUAN BAUTISTA,13009
2004,12,CIUDAD LINEAL,COSTILLARES,23597
2004,12,CIUDAD LINEAL,PUEBLO NUEVO,66017
2004,12,CIUDAD LINEAL,VENTAS,53901
2004,12,CIUDAD LINEAL,COLINA,6383
2004,1,FUENCARRAL-EL PARDO,EL GOLOSO,2110
2004,1,FUENCARRAL-EL PARDO,VALVERDE,34663
2004,1,FUENCARRAL-EL PARDO,PEÑA GRANDE,47191
2004,1,FUENCARRAL-EL PARDO,LA PAZ,38602
2004,1,FUENCARRAL-EL PARDO,FUENTELARREINA,3507
2004,1,FUENCARRAL-EL PARDO,MIRASIERRA,27480
2004,1,FUENCARRAL-EL PARDO,EL PILAR,52780
2004,1,FUENCARRAL-EL PARDO,EL PARDO,4062
2004,2,FUENCARRAL-EL PARDO,FUENTELARREINA,3503
2004,2,FUENCARRAL-EL PARDO,MIRASIERRA,27486
2004,2,FUENCARRAL-EL PARDO,EL GOLOSO,2061
2004,2,FUENCARRAL-EL PARDO,EL PILAR,52536
2004,2,FUENCARRAL-EL PARDO,EL PARDO,4040
2004,2,FUENCARRAL-EL PARDO,PEÑA GRANDE,47047
2004,2,FUENCARRAL-EL PARDO,VALVERDE,34595
2004,2,FUENCARRAL-EL PARDO,LA PAZ,38476
2004,3,FUENCARRAL-EL PARDO,FUENTELARREINA,3508
2004,3,FUENCARRAL-EL PARDO,PEÑA GRANDE,47064
2004,3,FUENCARRAL-EL PARDO,LA PAZ,38494
2004,3,FUENCARRAL-EL PARDO,EL GOLOSO,2093
2004,3,FUENCARRAL-EL PARDO,EL PARDO,4019
2004,3,FUENCARRAL-EL PARDO,VALVERDE,34636
2004,3,FUENCARRAL-EL PARDO,EL PILAR,52526
2004,3,FUENCARRAL-EL PARDO,MIRASIERRA,27494
2004,4,FUENCARRAL-EL PARDO,LA PAZ,38468
2004,4,FUENCARRAL-EL PARDO,EL GOLOSO,2111
2004,4,FUENCARRAL-EL PARDO,PEÑA GRANDE,47105
2004,4,FUENCARRAL-EL PARDO,EL PILAR,52510
2004,4,FUENCARRAL-EL PARDO,VALVERDE,34677
2004,4,FUENCARRAL-EL PARDO,MIRASIERRA,27542
2004,4,FUENCARRAL-EL PARDO,EL PARDO,4007
2004,4,FUENCARRAL-EL PARDO,FUENTELARREINA,3510
2004,5,FUENCARRAL-EL PARDO,PEÑA GRANDE,47159
2004,5,FUENCARRAL-EL PARDO,EL PILAR,52576
2004,5,FUENCARRAL-EL PARDO,FUENTELARREINA,3501
2004,5,FUENCARRAL-EL PARDO,EL GOLOSO,2105
2004,5,FUENCARRAL-EL PARDO,LA PAZ,38478
2004,5,FUENCARRAL-EL PARDO,MIRASIERRA,27558
2004,5,FUENCARRAL-EL PARDO,EL PARDO,4001
2004,5,FUENCARRAL-EL PARDO,VALVERDE,34757
2004,6,FUENCARRAL-EL PARDO,EL PARDO,3988
2004,6,FUENCARRAL-EL PARDO,MIRASIERRA,27562
2004,6,FUENCARRAL-EL PARDO,EL PILAR,52469
2004,6,FUENCARRAL-EL PARDO,LA PAZ,38370
2004,6,FUENCARRAL-EL PARDO,FUENTELARREINA,3493
2004,6,FUENCARRAL-EL PARDO,VALVERDE,34797
2004,6,FUENCARRAL-EL PARDO,PEÑA GRANDE,47110
2004,6,FUENCARRAL-EL PARDO,EL GOLOSO,2103
2004,7,FUENCARRAL-EL PARDO,MIRASIERRA,27506
2004,7,FUENCARRAL-EL PARDO,LA PAZ,38244
2004,7,FUENCARRAL-EL PARDO,PEÑA GRANDE,46986
2004,7,FUENCARRAL-EL PARDO,EL GOLOSO,2104
2004,7,FUENCARRAL-EL PARDO,VALVERDE,34711
2004,7,FUENCARRAL-EL PARDO,EL PILAR,52246
2004,7,FUENCARRAL-EL PARDO,FUENTELARREINA,3472
2004,7,FUENCARRAL-EL PARDO,EL PARDO,3979
2004,8,FUENCARRAL-EL PARDO,EL PILAR,52358
2004,8,FUENCARRAL-EL PARDO,MIRASIERRA,27582
2004,8,FUENCARRAL-EL PARDO,PEÑA GRANDE,47063
2004,8,FUENCARRAL-EL PARDO,LA PAZ,38293
2004,8,FUENCARRAL-EL PARDO,VALVERDE,34839
2004,8,FUENCARRAL-EL PARDO,EL GOLOSO,2171
2004,8,FUENCARRAL-EL PARDO,EL PARDO,3979
2004,8,FUENCARRAL-EL PARDO,FUENTELARREINA,3467
2004,9,FUENCARRAL-EL PARDO,PEÑA GRANDE,47118
2004,9,FUENCARRAL-EL PARDO,VALVERDE,34952
2004,9,FUENCARRAL-EL PARDO,EL PILAR,52416
2004,9,FUENCARRAL-EL PARDO,FUENTELARREINA,3469
2004,9,FUENCARRAL-EL PARDO,EL GOLOSO,2183
2004,9,FUENCARRAL-EL PARDO,LA PAZ,38307
2004,9,FUENCARRAL-EL PARDO,EL PARDO,3986
2004,9,FUENCARRAL-EL PARDO,MIRASIERRA,27603
2004,10,FUENCARRAL-EL PARDO,MIRASIERRA,27525
2004,10,FUENCARRAL-EL PARDO,FUENTELARREINA,3459
2004,10,FUENCARRAL-EL PARDO,LA PAZ,38116
2004,10,FUENCARRAL-EL PARDO,VALVERDE,34845
2004,10,FUENCARRAL-EL PARDO,EL GOLOSO,2188
2004,10,FUENCARRAL-EL PARDO,PEÑA GRANDE,46869
2004,10,FUENCARRAL-EL PARDO,EL PILAR,52117
2004,10,FUENCARRAL-EL PARDO,EL PARDO,3957
2004,11,FUENCARRAL-EL PARDO,VALVERDE,35015
2004,11,FUENCARRAL-EL PARDO,EL PARDO,3960
2004,11,FUENCARRAL-EL PARDO,FUENTELARREINA,3463
2004,11,FUENCARRAL-EL PARDO,MIRASIERRA,27573
2004,11,FUENCARRAL-EL PARDO,EL PILAR,52152
2004,11,FUENCARRAL-EL PARDO,LA PAZ,38189
2004,11,FUENCARRAL-EL PARDO,EL GOLOSO,2273
2004,11,FUENCARRAL-EL PARDO,PEÑA GRANDE,47002
2004,12,FUENCARRAL-EL PARDO,VALVERDE,35102
2004,12,FUENCARRAL-EL PARDO,MIRASIERRA,27562
2004,12,FUENCARRAL-EL PARDO,FUENTELARREINA,3442
2004,12,FUENCARRAL-EL PARDO,PEÑA GRANDE,46836
2004,12,FUENCARRAL-EL PARDO,LA PAZ,38075
2004,12,FUENCARRAL-EL PARDO,EL PARDO,3935
2004,12,FUENCARRAL-EL PARDO,EL PILAR,51908
2004,12,FUENCARRAL-EL PARDO,EL GOLOSO,2307
2004,1,HORTALEZA,APOSTOL SANTIAGO,16449
2004,1,HORTALEZA,PINAR DEL REY,60019
2004,1,HORTALEZA,PIOVERA,13849
2004,1,HORTALEZA,PALOMAS,5129
2004,1,HORTALEZA,VALDEFUENTES,12323
2004,1,HORTALEZA,CANILLAS,45531
2004,2,HORTALEZA,CANILLAS,45424
2004,2,HORTALEZA,PALOMAS,5120
2004,2,HORTALEZA,PIOVERA,13817
2004,2,HORTALEZA,VALDEFUENTES,12451
2004,2,HORTALEZA,PINAR DEL REY,59824
2004,2,HORTALEZA,APOSTOL SANTIAGO,16391
2004,3,HORTALEZA,APOSTOL SANTIAGO,16384
2004,3,HORTALEZA,CANILLAS,45439
2004,3,HORTALEZA,PIOVERA,13842
2004,3,HORTALEZA,PINAR DEL REY,59849
2004,3,HORTALEZA,VALDEFUENTES,12651
2004,3,HORTALEZA,PALOMAS,5127
2004,4,HORTALEZA,CANILLAS,45387
2004,4,HORTALEZA,PALOMAS,5161
2004,4,HORTALEZA,PIOVERA,13877
2004,4,HORTALEZA,APOSTOL SANTIAGO,16400
2004,4,HORTALEZA,PINAR DEL REY,59806
2004,4,HORTALEZA,VALDEFUENTES,12941
2004,5,HORTALEZA,VALDEFUENTES,13120
2004,5,HORTALEZA,PALOMAS,5178
2004,5,HORTALEZA,APOSTOL SANTIAGO,16421
2004,5,HORTALEZA,CANILLAS,45462
2004,5,HORTALEZA,PINAR DEL REY,59842
2004,5,HORTALEZA,PIOVERA,13911
2004,6,HORTALEZA,APOSTOL SANTIAGO,16431
2004,6,HORTALEZA,PINAR DEL REY,59790
2004,6,HORTALEZA,PIOVERA,13914
2004,6,HORTALEZA,CANILLAS,45410
2004,6,HORTALEZA,PALOMAS,5209
2004,6,HORTALEZA,VALDEFUENTES,13267
2004,7,HORTALEZA,CANILLAS,45277
2004,7,HORTALEZA,PINAR DEL REY,59630
2004,7,HORTALEZA,VALDEFUENTES,13473
2004,7,HORTALEZA,PALOMAS,5194
2004,7,HORTALEZA,PIOVERA,13909
2004,7,HORTALEZA,APOSTOL SANTIAGO,16408
2004,8,HORTALEZA,VALDEFUENTES,13689
2004,8,HORTALEZA,PIOVERA,13969
2004,8,HORTALEZA,PINAR DEL REY,59758
2004,8,HORTALEZA,APOSTOL SANTIAGO,16425
2004,8,HORTALEZA,PALOMAS,5220
2004,8,HORTALEZA,CANILLAS,45404
2004,9,HORTALEZA,PIOVERA,14046
2004,9,HORTALEZA,CANILLAS,45476
2004,9,HORTALEZA,VALDEFUENTES,14012
2004,9,HORTALEZA,PINAR DEL REY,59942
2004,9,HORTALEZA,PALOMAS,5227
2004,9,HORTALEZA,APOSTOL SANTIAGO,16446
2004,10,HORTALEZA,CANILLAS,45258
2004,10,HORTALEZA,PIOVERA,14046
2004,10,HORTALEZA,PINAR DEL REY,59673
2004,10,HORTALEZA,PALOMAS,5212
2004,10,HORTALEZA,VALDEFUENTES,14244
2004,10,HORTALEZA,APOSTOL SANTIAGO,16351
2004,11,HORTALEZA,PIOVERA,14116
2004,11,HORTALEZA,PALOMAS,5256
2004,11,HORTALEZA,CANILLAS,45366
2004,11,HORTALEZA,VALDEFUENTES,14577
2004,11,HORTALEZA,PINAR DEL REY,59784
2004,11,HORTALEZA,APOSTOL SANTIAGO,16359
2004,12,HORTALEZA,VALDEFUENTES,14857
2004,12,HORTALEZA,CANILLAS,45248
2004,12,HORTALEZA,PALOMAS,5258
2004,12,HORTALEZA,PIOVERA,14095
2004,12,HORTALEZA,PINAR DEL REY,59555
2004,12,HORTALEZA,APOSTOL SANTIAGO,16326
2004,1,LATINA,CAMPAMENTO,21015
2004,1,LATINA,PUERTA DEL ANGEL,45348
2004,1,LATINA,LOS CARMENES,18109
2004,1,LATINA,ALUCHE,78241
2004,1,LATINA,CUATRO VIENTOS,968
2004,1,LATINA,LUCERO,38247
2004,1,LATINA,LAS AGUILAS,58979
2004,2,LATINA,ALUCHE,77872
2004,2,LATINA,CAMPAMENTO,20953
2004,2,LATINA,LAS AGUILAS,58800
2004,2,LATINA,CUATRO VIENTOS,954
2004,2,LATINA,LOS CARMENES,18103
2004,2,LATINA,PUERTA DEL ANGEL,45140
2004,2,LATINA,LUCERO,38139
2004,3,LATINA,ALUCHE,77937
2004,3,LATINA,LAS AGUILAS,58861
2004,3,LATINA,LOS CARMENES,18101
2004,3,LATINA,CUATRO VIENTOS,957
2004,3,LATINA,CAMPAMENTO,20945
2004,3,LATINA,PUERTA DEL ANGEL,45205
2004,3,LATINA,LUCERO,38232
2004,4,LATINA,PUERTA DEL ANGEL,45202
2004,4,LATINA,CAMPAMENTO,20918
2004,4,LATINA,LAS AGUILAS,58867
2004,4,LATINA,ALUCHE,77917
2004,4,LATINA,LUCERO,38261
2004,4,LATINA,CUATRO VIENTOS,956
2004,4,LATINA,LOS CARMENES,18104
2004,5,LATINA,LAS AGUILAS,58976
2004,5,LATINA,ALUCHE,78015
2004,5,LATINA,CUATRO VIENTOS,954
2004,5,LATINA,PUERTA DEL ANGEL,45358
2004,5,LATINA,LUCERO,38350
2004,5,LATINA,CAMPAMENTO,20956
2004,5,LATINA,LOS CARMENES,18183
2004,6,LATINA,ALUCHE,77895
2004,6,LATINA,LUCERO,38353
2004,6,LATINA,CUATRO VIENTOS,943
2004,6,LATINA,CAMPAMENTO,20981
2004,6,LATINA,LAS AGUILAS,58962
2004,6,LATINA,LOS CARMENES,18202
2004,6,LATINA,PUERTA DEL ANGEL,45308
2004,7,LATINA,ALUCHE,77488
2004,7,LATINA,CUATRO VIENTOS,940
2004,7,LATINA,LUCERO,38263
2004,7,LATINA,PUERTA DEL ANGEL,45159
2004,7,LATINA,LAS AGUILAS,58717
2004,7,LATINA,CAMPAMENTO,20912
2004,7,LATINA,LOS CARMENES,18151
2004,8,LATINA,LAS AGUILAS,58816
2004,8,LATINA,LUCERO,38461
2004,8,LATINA,CUATRO VIENTOS,942
2004,8,LATINA,LOS CARMENES,18210
2004,8,LATINA,PUERTA DEL ANGEL,45370
2004,8,LATINA,CAMPAMENTO,21053
2004,8,LATINA,ALUCHE,77689
2004,9,LATINA,LAS AGUILAS,58913
2004,9,LATINA,CAMPAMENTO,21164
2004,9,LATINA,PUERTA DEL ANGEL,45522
2004,9,LATINA,LUCERO,38602
2004,9,LATINA,CUATRO VIENTOS,976
2004,9,LATINA,ALUCHE,77967
2004,9,LATINA,LOS CARMENES,18285
2004,10,LATINA,CUATRO VIENTOS,972
2004,10,LATINA,CAMPAMENTO,21058
2004,10,LATINA,LOS CARMENES,18244
2004,10,LATINA,LUCERO,38396
2004,10,LATINA,ALUCHE,77472
2004,10,LATINA,LAS AGUILAS,58455
2004,10,LATINA,PUERTA DEL ANGEL,45340
2004,11,LATINA,LOS CARMENES,18278
2004,11,LATINA,CUATRO VIENTOS,985
2004,11,LATINA,ALUCHE,77718
2004,11,LATINA,LUCERO,38563
2004,11,LATINA,CAMPAMENTO,21172
2004,11,LATINA,PUERTA DEL ANGEL,45570
2004,11,LATINA,LAS AGUILAS,58614
2004,12,LATINA,LOS CARMENES,18224
2004,12,LATINA,PUERTA DEL ANGEL,45483
2004,12,LATINA,LAS AGUILAS,58432
2004,12,LATINA,CAMPAMENTO,21121
2004,12,LATINA,CUATRO VIENTOS,1020
2004,12,LATINA,LUCERO,38548
2004,12,LATINA,ALUCHE,77441
2004,1,MONCLOA-ARAVACA,VALDEZARZA,33136
2004,1,MONCLOA-ARAVACA,ARGUELLES,26590
2004,1,MONCLOA-ARAVACA,CIUDAD UNIVERSITARIA,17099
2004,1,MONCLOA-ARAVACA,EL PLANTIO,2390
2004,1,MONCLOA-ARAVACA,CASA DE CAMPO,14228
2004,1,MONCLOA-ARAVACA,ARAVACA,22729
2004,1,MONCLOA-ARAVACA,VALDEMARIN,3108
2004,2,MONCLOA-ARAVACA,ARAVACA,22682
2004,2,MONCLOA-ARAVACA,ARGUELLES,26453
2004,2,MONCLOA-ARAVACA,CASA DE CAMPO,14216
2004,2,MONCLOA-ARAVACA,CIUDAD UNIVERSITARIA,17034
2004,2,MONCLOA-ARAVACA,VALDEZARZA,33013
2004,2,MONCLOA-ARAVACA,VALDEMARIN,3122
2004,2,MONCLOA-ARAVACA,EL PLANTIO,2388
2004,3,MONCLOA-ARAVACA,VALDEZARZA,33022
2004,3,MONCLOA-ARAVACA,ARGUELLES,26459
2004,3,MONCLOA-ARAVACA,CASA DE CAMPO,14238
2004,3,MONCLOA-ARAVACA,ARAVACA,22706
2004,3,MONCLOA-ARAVACA,CIUDAD UNIVERSITARIA,17105
2004,3,MONCLOA-ARAVACA,EL PLANTIO,2386
2004,3,MONCLOA-ARAVACA,VALDEMARIN,3162
2004,4,MONCLOA-ARAVACA,CIUDAD UNIVERSITARIA,17152
2004,4,MONCLOA-ARAVACA,VALDEMARIN,3223
2004,4,MONCLOA-ARAVACA,ARAVACA,22764
2004,4,MONCLOA-ARAVACA,VALDEZARZA,32998
2004,4,MONCLOA-ARAVACA,CASA DE CAMPO,14262
2004,4,MONCLOA-ARAVACA,ARGUELLES,26471
2004,4,MONCLOA-ARAVACA,EL PLANTIO,2382
2004,5,MONCLOA-ARAVACA,ARGUELLES,26541
2004,5,MONCLOA-ARAVACA,EL PLANTIO,2399
2004,5,MONCLOA-ARAVACA,ARAVACA,22859
2004,5,MONCLOA-ARAVACA,CIUDAD UNIVERSITARIA,17258
2004,5,MONCLOA-ARAVACA,VALDEMARIN,3269
2004,5,MONCLOA-ARAVACA,VALDEZARZA,33053
2004,5,MONCLOA-ARAVACA,CASA DE CAMPO,14291
2004,6,MONCLOA-ARAVACA,VALDEMARIN,3313
2004,6,MONCLOA-ARAVACA,EL PLANTIO,2398
2004,6,MONCLOA-ARAVACA,CIUDAD UNIVERSITARIA,17346
2004,6,MONCLOA-ARAVACA,ARAVACA,22862
2004,6,MONCLOA-ARAVACA,ARGUELLES,26505
2004,6,MONCLOA-ARAVACA,CASA DE CAMPO,14278
2004,6,MONCLOA-ARAVACA,VALDEZARZA,33059
2004,7,MONCLOA-ARAVACA,ARGUELLES,26456
2004,7,MONCLOA-ARAVACA,VALDEZARZA,32933
2004,7,MONCLOA-ARAVACA,VALDEMARIN,3352
2004,7,MONCLOA-ARAVACA,EL PLANTIO,2405
2004,7,MONCLOA-ARAVACA,ARAVACA,22832
2004,7,MONCLOA-ARAVACA,CIUDAD UNIVERSITARIA,17366
2004,7,MONCLOA-ARAVACA,CASA DE CAMPO,14261
2004,8,MONCLOA-ARAVACA,VALDEMARIN,3387
2004,8,MONCLOA-ARAVACA,ARAVACA,22924
2004,8,MONCLOA-ARAVACA,ARGUELLES,26521
2004,8,MONCLOA-ARAVACA,CASA DE CAMPO,14282
2004,8,MONCLOA-ARAVACA,VALDEZARZA,32978
2004,8,MONCLOA-ARAVACA,EL PLANTIO,2426
2004,8,MONCLOA-ARAVACA,CIUDAD UNIVERSITARIA,17517
2004,9,MONCLOA-ARAVACA,VALDEMARIN,3448
2004,9,MONCLOA-ARAVACA,ARGUELLES,26644
2004,9,MONCLOA-ARAVACA,EL PLANTIO,2430
2004,9,MONCLOA-ARAVACA,VALDEZARZA,33010
2004,9,MONCLOA-ARAVACA,CIUDAD UNIVERSITARIA,17558
2004,9,MONCLOA-ARAVACA,CASA DE CAMPO,14312
2004,9,MONCLOA-ARAVACA,ARAVACA,23037
2004,10,MONCLOA-ARAVACA,CASA DE CAMPO,14277
2004,10,MONCLOA-ARAVACA,VALDEMARIN,3479
2004,10,MONCLOA-ARAVACA,ARGUELLES,26560
2004,10,MONCLOA-ARAVACA,VALDEZARZA,32820
2004,10,MONCLOA-ARAVACA,ARAVACA,23005
2004,10,MONCLOA-ARAVACA,CIUDAD UNIVERSITARIA,17444
2004,10,MONCLOA-ARAVACA,EL PLANTIO,2424
2004,11,MONCLOA-ARAVACA,CASA DE CAMPO,14340
2004,11,MONCLOA-ARAVACA,VALDEZARZA,32906
2004,11,MONCLOA-ARAVACA,VALDEMARIN,3544
2004,11,MONCLOA-ARAVACA,ARAVACA,23144
2004,11,MONCLOA-ARAVACA,EL PLANTIO,2446
2004,11,MONCLOA-ARAVACA,CIUDAD UNIVERSITARIA,17522
2004,11,MONCLOA-ARAVACA,ARGUELLES,26671
2004,12,MONCLOA-ARAVACA,EL PLANTIO,2449
2004,12,MONCLOA-ARAVACA,ARAVACA,23093
2004,12,MONCLOA-ARAVACA,VALDEZARZA,32814
2004,12,MONCLOA-ARAVACA,CASA DE CAMPO,14274
2004,12,MONCLOA-ARAVACA,VALDEMARIN,3590
2004,12,MONCLOA-ARAVACA,ARGUELLES,26578
2004,12,MONCLOA-ARAVACA,CIUDAD UNIVERSITARIA,17432
2004,1,MORATALAZ,MARROQUINA,32333
2004,1,MORATALAZ,FONTARRON,19237
2004,1,MORATALAZ,MEDIA LEGUA,21115
2004,1,MORATALAZ,PAVONES,9981
2004,1,MORATALAZ,HORCAJO,5771
2004,1,MORATALAZ,VINATEROS,19891
2004,2,MORATALAZ,HORCAJO,5813
2004,2,MORATALAZ,VINATEROS,19836
2004,2,MORATALAZ,FONTARRON,19130
2004,2,MORATALAZ,PAVONES,9959
2004,2,MORATALAZ,MEDIA LEGUA,21054
2004,2,MORATALAZ,MARROQUINA,32260
2004,3,MORATALAZ,VINATEROS,19825
2004,3,MORATALAZ,MEDIA LEGUA,21077
2004,3,MORATALAZ,HORCAJO,5877
2004,3,MORATALAZ,PAVONES,9953
2004,3,MORATALAZ,FONTARRON,19150
2004,3,MORATALAZ,MARROQUINA,32295
2004,4,MORATALAZ,PAVONES,10039
2004,4,MORATALAZ,MARROQUINA,32237
2004,4,MORATALAZ,MEDIA LEGUA,21068
2004,4,MORATALAZ,FONTARRON,19108
2004,4,MORATALAZ,HORCAJO,5952
2004,4,MORATALAZ,VINATEROS,19752
2004,5,MORATALAZ,MARROQUINA,32259
2004,5,MORATALAZ,HORCAJO,5967
2004,5,MORATALAZ,MEDIA LEGUA,21072
2004,5,MORATALAZ,VINATEROS,19735
2004,5,MORATALAZ,FONTARRON,19124
2004,5,MORATALAZ,PAVONES,10052
2004,6,MORATALAZ,HORCAJO,5972
2004,6,MORATALAZ,MARROQUINA,32280
2004,6,MORATALAZ,PAVONES,10041
2004,6,MORATALAZ,MEDIA LEGUA,21027
2004,6,MORATALAZ,VINATEROS,19690
2004,6,MORATALAZ,FONTARRON,19106
2004,7,MORATALAZ,PAVONES,10010
2004,7,MORATALAZ,FONTARRON,19019
2004,7,MORATALAZ,MEDIA LEGUA,20982
2004,7,MORATALAZ,MARROQUINA,32171
2004,7,MORATALAZ,VINATEROS,19611
2004,7,MORATALAZ,HORCAJO,5969
2004,8,MORATALAZ,HORCAJO,5984
2004,8,MORATALAZ,MARROQUINA,32236
2004,8,MORATALAZ,MEDIA LEGUA,21028
2004,8,MORATALAZ,FONTARRON,19079
2004,8,MORATALAZ,VINATEROS,19643
2004,8,MORATALAZ,PAVONES,10033
2004,9,MORATALAZ,MEDIA LEGUA,21059
2004,9,MORATALAZ,PAVONES,10056
2004,9,MORATALAZ,VINATEROS,19631
2004,9,MORATALAZ,MARROQUINA,32284
2004,9,MORATALAZ,FONTARRON,19138
2004,9,MORATALAZ,HORCAJO,6033
2004,10,MORATALAZ,HORCAJO,6036
2004,10,MORATALAZ,MARROQUINA,32118
2004,10,MORATALAZ,FONTARRON,19003
2004,10,MORATALAZ,MEDIA LEGUA,20938
2004,10,MORATALAZ,PAVONES,9998
2004,10,MORATALAZ,VINATEROS,19532
2004,11,MORATALAZ,MEDIA LEGUA,20951
2004,11,MORATALAZ,MARROQUINA,32139
2004,11,MORATALAZ,HORCAJO,6051
2004,11,MORATALAZ,FONTARRON,19034
2004,11,MORATALAZ,VINATEROS,19552
2004,11,MORATALAZ,PAVONES,10043
2004,12,MORATALAZ,VINATEROS,19505
2004,12,MORATALAZ,MARROQUINA,32053
2004,12,MORATALAZ,PAVONES,10058
2004,12,MORATALAZ,HORCAJO,6116
2004,12,MORATALAZ,MEDIA LEGUA,20904
2004,12,MORATALAZ,FONTARRON,18978
2004,1,PUENTE DE VALLECAS,PALOMERAS SURESTE,42760
2004,1,PUENTE DE VALLECAS,PORTAZGO,30738
2004,1,PUENTE DE VALLECAS,ENTREVIAS,37420
2004,1,PUENTE DE VALLECAS,SAN DIEGO,41189
2004,1,PUENTE DE VALLECAS,NUMANCIA,48983
2004,1,PUENTE DE VALLECAS,PALOMERAS BAJAS,41252
2004,2,PUENTE DE VALLECAS,PALOMERAS SURESTE,42593
2004,2,PUENTE DE VALLECAS,PORTAZGO,30638
2004,2,PUENTE DE VALLECAS,ENTREVIAS,37298
2004,2,PUENTE DE VALLECAS,SAN DIEGO,41028
2004,2,PUENTE DE VALLECAS,PALOMERAS BAJAS,41255
2004,2,PUENTE DE VALLECAS,NUMANCIA,48816
2004,3,PUENTE DE VALLECAS,NUMANCIA,48884
2004,3,PUENTE DE VALLECAS,PORTAZGO,30649
2004,3,PUENTE DE VALLECAS,PALOMERAS BAJAS,41278
2004,3,PUENTE DE VALLECAS,SAN DIEGO,41192
2004,3,PUENTE DE VALLECAS,ENTREVIAS,37352
2004,3,PUENTE DE VALLECAS,PALOMERAS SURESTE,42631
2004,4,PUENTE DE VALLECAS,PALOMERAS BAJAS,41315
2004,4,PUENTE DE VALLECAS,SAN DIEGO,41239
2004,4,PUENTE DE VALLECAS,ENTREVIAS,37400
2004,4,PUENTE DE VALLECAS,PALOMERAS SURESTE,42678
2004,4,PUENTE DE VALLECAS,NUMANCIA,49010
2004,4,PUENTE DE VALLECAS,PORTAZGO,30655
2004,5,PUENTE DE VALLECAS,PALOMERAS BAJAS,41422
2004,5,PUENTE DE VALLECAS,PALOMERAS SURESTE,42741
2004,5,PUENTE DE VALLECAS,SAN DIEGO,41402
2004,5,PUENTE DE VALLECAS,PORTAZGO,30718
2004,5,PUENTE DE VALLECAS,ENTREVIAS,37482
2004,5,PUENTE DE VALLECAS,NUMANCIA,49142
2004,6,PUENTE DE VALLECAS,ENTREVIAS,37473
2004,6,PUENTE DE VALLECAS,SAN DIEGO,41549
2004,6,PUENTE DE VALLECAS,PALOMERAS BAJAS,41461
2004,6,PUENTE DE VALLECAS,PORTAZGO,30736
2004,6,PUENTE DE VALLECAS,NUMANCIA,49065
2004,6,PUENTE DE VALLECAS,PALOMERAS SURESTE,42712
2004,7,PUENTE DE VALLECAS,SAN DIEGO,41525
2004,7,PUENTE DE VALLECAS,NUMANCIA,49007
2004,7,PUENTE DE VALLECAS,PALOMERAS SURESTE,42613
2004,7,PUENTE DE VALLECAS,ENTREVIAS,37337
2004,7,PUENTE DE VALLECAS,PORTAZGO,30674
2004,7,PUENTE DE VALLECAS,PALOMERAS BAJAS,41370
2004,8,PUENTE DE VALLECAS,PALOMERAS SURESTE,42677
2004,8,PUENTE DE VALLECAS,PORTAZGO,30770
2004,8,PUENTE DE VALLECAS,ENTREVIAS,37478
2004,8,PUENTE DE VALLECAS,NUMANCIA,49215
2004,8,PUENTE DE VALLECAS,SAN DIEGO,41761
2004,8,PUENTE DE VALLECAS,PALOMERAS BAJAS,41540
2004,9,PUENTE DE VALLECAS,PALOMERAS BAJAS,41719
2004,9,PUENTE DE VALLECAS,SAN DIEGO,42028
2004,9,PUENTE DE VALLECAS,NUMANCIA,49420
2004,9,PUENTE DE VALLECAS,ENTREVIAS,37597
2004,9,PUENTE DE VALLECAS,PORTAZGO,30833
2004,9,PUENTE DE VALLECAS,PALOMERAS SURESTE,42823
2004,10,PUENTE DE VALLECAS,ENTREVIAS,37441
2004,10,PUENTE DE VALLECAS,SAN DIEGO,41923
2004,10,PUENTE DE VALLECAS,PALOMERAS BAJAS,41549
2004,10,PUENTE DE VALLECAS,NUMANCIA,49165
2004,10,PUENTE DE VALLECAS,PORTAZGO,30654
2004,10,PUENTE DE VALLECAS,PALOMERAS SURESTE,42598
2004,11,PUENTE DE VALLECAS,SAN DIEGO,42200
2004,11,PUENTE DE VALLECAS,ENTREVIAS,37580
2004,11,PUENTE DE VALLECAS,PALOMERAS SURESTE,42736
2004,11,PUENTE DE VALLECAS,PALOMERAS BAJAS,41735
2004,11,PUENTE DE VALLECAS,NUMANCIA,49385
2004,11,PUENTE DE VALLECAS,PORTAZGO,30690
2004,12,PUENTE DE VALLECAS,NUMANCIA,49300
2004,12,PUENTE DE VALLECAS,ENTREVIAS,37525
2004,12,PUENTE DE VALLECAS,SAN DIEGO,42160
2004,12,PUENTE DE VALLECAS,PALOMERAS SURESTE,42653
2004,12,PUENTE DE VALLECAS,PALOMERAS BAJAS,41693
2004,12,PUENTE DE VALLECAS,PORTAZGO,30615
2004,1,RETIRO,IBIZA,24132
2004,1,RETIRO,ADELFAS,16317
2004,1,RETIRO,ESTRELLA,25453
2004,1,RETIRO,PACIFICO,36855
2004,1,RETIRO,LOS JERONIMOS,7945
2004,1,RETIRO,NIÑO JESUS,16181
2004,2,RETIRO,PACIFICO,36772
2004,2,RETIRO,NIÑO JESUS,16138
2004,2,RETIRO,LOS JERONIMOS,7924
2004,2,RETIRO,ESTRELLA,25337
2004,2,RETIRO,IBIZA,24021
2004,2,RETIRO,ADELFAS,16315
2004,3,RETIRO,PACIFICO,36778
2004,3,RETIRO,LOS JERONIMOS,7929
2004,3,RETIRO,ADELFAS,16358
2004,3,RETIRO,NIÑO JESUS,16163
2004,3,RETIRO,IBIZA,24053
2004,3,RETIRO,ESTRELLA,25366
2004,4,RETIRO,IBIZA,24016
2004,4,RETIRO,LOS JERONIMOS,7895
2004,4,RETIRO,NIÑO JESUS,16227
2004,4,RETIRO,ESTRELLA,25418
2004,4,RETIRO,ADELFAS,16369
2004,4,RETIRO,PACIFICO,37069
2004,5,RETIRO,LOS JERONIMOS,7906
2004,5,RETIRO,PACIFICO,37310
2004,5,RETIRO,ESTRELLA,25447
2004,5,RETIRO,NIÑO JESUS,16289
2004,5,RETIRO,ADELFAS,16473
2004,5,RETIRO,IBIZA,24045
2004,6,RETIRO,NIÑO JESUS,16363
2004,6,RETIRO,IBIZA,24062
2004,6,RETIRO,ESTRELLA,25368
2004,6,RETIRO,ADELFAS,16510
2004,6,RETIRO,LOS JERONIMOS,7898
2004,6,RETIRO,PACIFICO,37369
2004,7,RETIRO,IBIZA,24005
2004,7,RETIRO,ADELFAS,16459
2004,7,RETIRO,ESTRELLA,25276
2004,7,RETIRO,LOS JERONIMOS,7866
2004,7,RETIRO,PACIFICO,37299
2004,7,RETIRO,NIÑO JESUS,16364
2004,8,RETIRO,IBIZA,24036
2004,8,RETIRO,NIÑO JESUS,16400
2004,8,RETIRO,PACIFICO,37449
2004,8,RETIRO,LOS JERONIMOS,7861
2004,8,RETIRO,ADELFAS,16504
2004,8,RETIRO,ESTRELLA,25270
2004,9,RETIRO,ESTRELLA,25295
2004,9,RETIRO,ADELFAS,16573
2004,9,RETIRO,PACIFICO,37602
2004,9,RETIRO,NIÑO JESUS,16470
2004,9,RETIRO,LOS JERONIMOS,7888
2004,9,RETIRO,IBIZA,24102
2004,10,RETIRO,NIÑO JESUS,16400
2004,10,RETIRO,PACIFICO,37451
2004,10,RETIRO,LOS JERONIMOS,7841
2004,10,RETIRO,IBIZA,23957
2004,10,RETIRO,ESTRELLA,25183
2004,10,RETIRO,ADELFAS,16502
2004,11,RETIRO,ESTRELLA,25210
2004,11,RETIRO,IBIZA,24016
2004,11,RETIRO,NIÑO JESUS,16471
2004,11,RETIRO,LOS JERONIMOS,7880
2004,11,RETIRO,ADELFAS,16557
2004,11,RETIRO,PACIFICO,37525
2004,12,RETIRO,ESTRELLA,25094
2004,12,RETIRO,LOS JERONIMOS,7861
2004,12,RETIRO,ADELFAS,16537
2004,12,RETIRO,NIÑO JESUS,16448
2004,12,RETIRO,IBIZA,23948
2004,12,RETIRO,PACIFICO,37453
2004,1,SALAMANCA,GUINDALERA,41461
2004,1,SALAMANCA,FUENTE DEL BERRO,23297
2004,1,SALAMANCA,CASTELLANA,17001
2004,1,SALAMANCA,GOYA,31970
2004,1,SALAMANCA,RECOLETOS,15915
2004,1,SALAMANCA,LISTA,22742
2004,2,SALAMANCA,RECOLETOS,15879
2004,2,SALAMANCA,FUENTE DEL BERRO,23202
2004,2,SALAMANCA,LISTA,22697
2004,2,SALAMANCA,GUINDALERA,41311
2004,2,SALAMANCA,GOYA,31814
2004,2,SALAMANCA,CASTELLANA,16914
2004,3,SALAMANCA,GUINDALERA,41344
2004,3,SALAMANCA,FUENTE DEL BERRO,23289
2004,3,SALAMANCA,RECOLETOS,15915
2004,3,SALAMANCA,LISTA,22703
2004,3,SALAMANCA,GOYA,31825
2004,3,SALAMANCA,CASTELLANA,16941
2004,4,SALAMANCA,GUINDALERA,41536
2004,4,SALAMANCA,GOYA,31804
2004,4,SALAMANCA,LISTA,22647
2004,4,SALAMANCA,RECOLETOS,15949
2004,4,SALAMANCA,FUENTE DEL BERRO,23262
2004,4,SALAMANCA,CASTELLANA,16915
2004,5,SALAMANCA,GUINDALERA,41817
2004,5,SALAMANCA,FUENTE DEL BERRO,23312
2004,5,SALAMANCA,GOYA,31848
2004,5,SALAMANCA,RECOLETOS,15969
2004,5,SALAMANCA,CASTELLANA,16942
2004,5,SALAMANCA,LISTA,22682
2004,6,SALAMANCA,GUINDALERA,41997
2004,6,SALAMANCA,LISTA,22655
2004,6,SALAMANCA,CASTELLANA,16968
2004,6,SALAMANCA,RECOLETOS,15946
2004,6,SALAMANCA,GOYA,31785
2004,6,SALAMANCA,FUENTE DEL BERRO,23292
2004,7,SALAMANCA,GOYA,31713
2004,7,SALAMANCA,LISTA,22581
2004,7,SALAMANCA,RECOLETOS,15882
2004,7,SALAMANCA,GUINDALERA,41938
2004,7,SALAMANCA,FUENTE DEL BERRO,23218
2004,7,SALAMANCA,CASTELLANA,16941
2004,8,SALAMANCA,LISTA,22663
2004,8,SALAMANCA,GUINDALERA,42079
2004,8,SALAMANCA,FUENTE DEL BERRO,23282
2004,8,SALAMANCA,GOYA,31818
2004,8,SALAMANCA,RECOLETOS,15939
2004,8,SALAMANCA,CASTELLANA,16941
2004,9,SALAMANCA,CASTELLANA,17004
2004,9,SALAMANCA,GOYA,31855
2004,9,SALAMANCA,GUINDALERA,42266
2004,9,SALAMANCA,FUENTE DEL BERRO,23355
2004,9,SALAMANCA,LISTA,22693
2004,9,SALAMANCA,RECOLETOS,15995
2004,10,SALAMANCA,FUENTE DEL BERRO,23268
2004,10,SALAMANCA,GUINDALERA,42168
2004,10,SALAMANCA,CASTELLANA,16923
2004,10,SALAMANCA,GOYA,31722
2004,10,SALAMANCA,LISTA,22543
2004,10,SALAMANCA,RECOLETOS,15941
2004,11,SALAMANCA,FUENTE DEL BERRO,23382
2004,11,SALAMANCA,RECOLETOS,15988
2004,11,SALAMANCA,GUINDALERA,42303
2004,11,SALAMANCA,GOYA,31818
2004,11,SALAMANCA,LISTA,22649
2004,11,SALAMANCA,CASTELLANA,17017
2004,12,SALAMANCA,CASTELLANA,16998
2004,12,SALAMANCA,FUENTE DEL BERRO,23311
2004,12,SALAMANCA,GOYA,31792
2004,12,SALAMANCA,LISTA,22596
2004,12,SALAMANCA,GUINDALERA,42307
2004,12,SALAMANCA,RECOLETOS,15931
2004,1,SAN BLAS-CANILLEJAS,ROSAS,28845
2004,1,SAN BLAS-CANILLEJAS,EL SALVADOR,12481
2004,1,SAN BLAS-CANILLEJAS,REJAS,7168
2004,1,SAN BLAS-CANILLEJAS,AMPOSTA,9134
2004,1,SAN BLAS-CANILLEJAS,ARCOS,23953
2004,1,SAN BLAS-CANILLEJAS,HELLIN,9947
2004,1,SAN BLAS-CANILLEJAS,CANILLEJAS,31716
2004,1,SAN BLAS-CANILLEJAS,SIMANCAS,24706
2004,2,SAN BLAS-CANILLEJAS,AMPOSTA,9097
2004,2,SAN BLAS-CANILLEJAS,ARCOS,23873
2004,2,SAN BLAS-CANILLEJAS,ROSAS,28845
2004,2,SAN BLAS-CANILLEJAS,REJAS,7211
2004,2,SAN BLAS-CANILLEJAS,EL SALVADOR,12458
2004,2,SAN BLAS-CANILLEJAS,CANILLEJAS,31646
2004,2,SAN BLAS-CANILLEJAS,HELLIN,9880
2004,2,SAN BLAS-CANILLEJAS,SIMANCAS,24701
2004,3,SAN BLAS-CANILLEJAS,ROSAS,28910
2004,3,SAN BLAS-CANILLEJAS,HELLIN,9861
2004,3,SAN BLAS-CANILLEJAS,SIMANCAS,24781
2004,3,SAN BLAS-CANILLEJAS,AMPOSTA,9113
2004,3,SAN BLAS-CANILLEJAS,REJAS,7283
2004,3,SAN BLAS-CANILLEJAS,CANILLEJAS,31659
2004,3,SAN BLAS-CANILLEJAS,EL SALVADOR,12465
2004,3,SAN BLAS-CANILLEJAS,ARCOS,23928
2004,4,SAN BLAS-CANILLEJAS,HELLIN,9855
2004,4,SAN BLAS-CANILLEJAS,CANILLEJAS,31636
2004,4,SAN BLAS-CANILLEJAS,SIMANCAS,24871
2004,4,SAN BLAS-CANILLEJAS,ROSAS,29027
2004,4,SAN BLAS-CANILLEJAS,REJAS,7348
2004,4,SAN BLAS-CANILLEJAS,EL SALVADOR,12497
2004,4,SAN BLAS-CANILLEJAS,ARCOS,23941
2004,4,SAN BLAS-CANILLEJAS,AMPOSTA,9110
2004,5,SAN BLAS-CANILLEJAS,EL SALVADOR,12512
2004,5,SAN BLAS-CANILLEJAS,SIMANCAS,24972
2004,5,SAN BLAS-CANILLEJAS,HELLIN,9859
2004,5,SAN BLAS-CANILLEJAS,AMPOSTA,9166
2004,5,SAN BLAS-CANILLEJAS,CANILLEJAS,31728
2004,5,SAN BLAS-CANILLEJAS,ROSAS,29137
2004,5,SAN BLAS-CANILLEJAS,ARCOS,23992
2004,5,SAN BLAS-CANILLEJAS,REJAS,7407
2004,6,SAN BLAS-CANILLEJAS,ROSAS,29274
2004,6,SAN BLAS-CANILLEJAS,SIMANCAS,25033
2004,6,SAN BLAS-CANILLEJAS,AMPOSTA,9156
2004,6,SAN BLAS-CANILLEJAS,HELLIN,9829
2004,6,SAN BLAS-CANILLEJAS,CANILLEJAS,31730
2004,6,SAN BLAS-CANILLEJAS,REJAS,7431
2004,6,SAN BLAS-CANILLEJAS,ARCOS,24019
2004,6,SAN BLAS-CANILLEJAS,EL SALVADOR,12504
2004,7,SAN BLAS-CANILLEJAS,AMPOSTA,9118
2004,7,SAN BLAS-CANILLEJAS,CANILLEJAS,31584
2004,7,SAN BLAS-CANILLEJAS,SIMANCAS,25040
2004,7,SAN BLAS-CANILLEJAS,ROSAS,29301
2004,7,SAN BLAS-CANILLEJAS,EL SALVADOR,12456
2004,7,SAN BLAS-CANILLEJAS,REJAS,7455
2004,7,SAN BLAS-CANILLEJAS,HELLIN,9824
2004,7,SAN BLAS-CANILLEJAS,ARCOS,23920
2004,8,SAN BLAS-CANILLEJAS,AMPOSTA,9157
2004,8,SAN BLAS-CANILLEJAS,ROSAS,29460
2004,8,SAN BLAS-CANILLEJAS,EL SALVADOR,12463
2004,8,SAN BLAS-CANILLEJAS,CANILLEJAS,31655
2004,8,SAN BLAS-CANILLEJAS,ARCOS,24017
2004,8,SAN BLAS-CANILLEJAS,SIMANCAS,25206
2004,8,SAN BLAS-CANILLEJAS,REJAS,7558
2004,8,SAN BLAS-CANILLEJAS,HELLIN,9863
2004,9,SAN BLAS-CANILLEJAS,ARCOS,24099
2004,9,SAN BLAS-CANILLEJAS,HELLIN,9859
2004,9,SAN BLAS-CANILLEJAS,REJAS,7648
2004,9,SAN BLAS-CANILLEJAS,SIMANCAS,25330
2004,9,SAN BLAS-CANILLEJAS,CANILLEJAS,31782
2004,9,SAN BLAS-CANILLEJAS,ROSAS,29584
2004,9,SAN BLAS-CANILLEJAS,AMPOSTA,9180
2004,9,SAN BLAS-CANILLEJAS,EL SALVADOR,12487
2004,10,SAN BLAS-CANILLEJAS,AMPOSTA,9124
2004,10,SAN BLAS-CANILLEJAS,ROSAS,29519
2004,10,SAN BLAS-CANILLEJAS,SIMANCAS,25241
2004,10,SAN BLAS-CANILLEJAS,HELLIN,9814
2004,10,SAN BLAS-CANILLEJAS,REJAS,7646
2004,10,SAN BLAS-CANILLEJAS,ARCOS,24019
2004,10,SAN BLAS-CANILLEJAS,CANILLEJAS,31581
2004,10,SAN BLAS-CANILLEJAS,EL SALVADOR,12441
2004,11,SAN BLAS-CANILLEJAS,HELLIN,9829
2004,11,SAN BLAS-CANILLEJAS,EL SALVADOR,12449
2004,11,SAN BLAS-CANILLEJAS,SIMANCAS,25415
2004,11,SAN BLAS-CANILLEJAS,REJAS,7700
2004,11,SAN BLAS-CANILLEJAS,ARCOS,24075
2004,11,SAN BLAS-CANILLEJAS,ROSAS,29618
2004,11,SAN BLAS-CANILLEJAS,AMPOSTA,9180
2004,11,SAN BLAS-CANILLEJAS,CANILLEJAS,31709
2004,12,SAN BLAS-CANILLEJAS,AMPOSTA,9136
2004,12,SAN BLAS-CANILLEJAS,REJAS,7756
2004,12,SAN BLAS-CANILLEJAS,EL SALVADOR,12456
2004,12,SAN BLAS-CANILLEJAS,ROSAS,29667
2004,12,SAN BLAS-CANILLEJAS,HELLIN,9814
2004,12,SAN BLAS-CANILLEJAS,SIMANCAS,25408
2004,12,SAN BLAS-CANILLEJAS,CANILLEJAS,31647
2004,12,SAN BLAS-CANILLEJAS,ARCOS,24025
2004,1,TETUAN,VALDEACEDERAS,23337
2004,1,TETUAN,ALMENARA,18926
2004,1,TETUAN,CUATRO CAMINOS,36186
2004,1,TETUAN,BELLAS VISTAS,29527
2004,1,TETUAN,CASTILLEJOS,20852
2004,1,TETUAN,BERRUGUETE,23018
2004,2,TETUAN,ALMENARA,18848
2004,2,TETUAN,CASTILLEJOS,20799
2004,2,TETUAN,CUATRO CAMINOS,36001
2004,2,TETUAN,VALDEACEDERAS,23251
2004,2,TETUAN,BELLAS VISTAS,29468
2004,2,TETUAN,BERRUGUETE,22917
2004,3,TETUAN,ALMENARA,18848
2004,3,TETUAN,VALDEACEDERAS,23303
2004,3,TETUAN,CUATRO CAMINOS,36172
2004,3,TETUAN,CASTILLEJOS,20796
2004,3,TETUAN,BERRUGUETE,22962
2004,3,TETUAN,BELLAS VISTAS,29517
2004,4,TETUAN,CUATRO CAMINOS,36143
2004,4,TETUAN,BERRUGUETE,22997
2004,4,TETUAN,VALDEACEDERAS,23324
2004,4,TETUAN,CASTILLEJOS,20908
2004,4,TETUAN,ALMENARA,18789
2004,4,TETUAN,BELLAS VISTAS,29420
2004,5,TETUAN,ALMENARA,18830
2004,5,TETUAN,VALDEACEDERAS,23434
2004,5,TETUAN,BELLAS VISTAS,29466
2004,5,TETUAN,CUATRO CAMINOS,36415
2004,5,TETUAN,BERRUGUETE,22987
2004,5,TETUAN,CASTILLEJOS,21143
2004,6,TETUAN,BELLAS VISTAS,29415
2004,6,TETUAN,ALMENARA,18779
2004,6,TETUAN,BERRUGUETE,22999
2004,6,TETUAN,CUATRO CAMINOS,36560
2004,6,TETUAN,CASTILLEJOS,21270
2004,6,TETUAN,VALDEACEDERAS,23437
2004,7,TETUAN,BERRUGUETE,22926
2004,7,TETUAN,VALDEACEDERAS,23452
2004,7,TETUAN,BELLAS VISTAS,29317
2004,7,TETUAN,CASTILLEJOS,21263
2004,7,TETUAN,CUATRO CAMINOS,36523
2004,7,TETUAN,ALMENARA,18710
2004,8,TETUAN,BELLAS VISTAS,29383
2004,8,TETUAN,CASTILLEJOS,21348
2004,8,TETUAN,BERRUGUETE,23002
2004,8,TETUAN,ALMENARA,18779
2004,8,TETUAN,VALDEACEDERAS,23605
2004,8,TETUAN,CUATRO CAMINOS,36676
2004,9,TETUAN,CUATRO CAMINOS,36827
2004,9,TETUAN,ALMENARA,18861
2004,9,TETUAN,CASTILLEJOS,21422
2004,9,TETUAN,BERRUGUETE,23116
2004,9,TETUAN,VALDEACEDERAS,23665
2004,9,TETUAN,BELLAS VISTAS,29510
2004,10,TETUAN,ALMENARA,18778
2004,10,TETUAN,BERRUGUETE,23062
2004,10,TETUAN,CASTILLEJOS,21325
2004,10,TETUAN,BELLAS VISTAS,29303
2004,10,TETUAN,CUATRO CAMINOS,36722
2004,10,TETUAN,VALDEACEDERAS,23533
2004,11,TETUAN,BERRUGUETE,23214
2004,11,TETUAN,CASTILLEJOS,21407
2004,11,TETUAN,VALDEACEDERAS,23683
2004,11,TETUAN,ALMENARA,18705
2004,11,TETUAN,CUATRO CAMINOS,36855
2004,11,TETUAN,BELLAS VISTAS,29452
2004,12,TETUAN,ALMENARA,18656
2004,12,TETUAN,CASTILLEJOS,21316
2004,12,TETUAN,VALDEACEDERAS,23690
2004,12,TETUAN,BELLAS VISTAS,29338
2004,12,TETUAN,CUATRO CAMINOS,36746
2004,12,TETUAN,BERRUGUETE,23207
2004,1,USERA,ORCASUR,11798
2004,1,USERA,ORCASITAS,20776
2004,1,USERA,ALMENDRALES,19232
2004,1,USERA,PRADOLONGO,17047
2004,1,USERA,ZOFIO,14558
2004,1,USERA,SAN FERMIN,19458
2004,1,USERA,MOSCARDO,27100
2004,2,USERA,PRADOLONGO,17007
2004,2,USERA,SAN FERMIN,19443
2004,2,USERA,ZOFIO,14519
2004,2,USERA,ORCASITAS,20775
2004,2,USERA,ALMENDRALES,19156
2004,2,USERA,MOSCARDO,27023
2004,2,USERA,ORCASUR,11774
2004,3,USERA,ORCASUR,11803
2004,3,USERA,MOSCARDO,27128
2004,3,USERA,ORCASITAS,20845
2004,3,USERA,SAN FERMIN,19566
2004,3,USERA,ZOFIO,14555
2004,3,USERA,PRADOLONGO,17069
2004,3,USERA,ALMENDRALES,19238
2004,4,USERA,MOSCARDO,27127
2004,4,USERA,ORCASITAS,20939
2004,4,USERA,PRADOLONGO,17134
2004,4,USERA,ZOFIO,14561
2004,4,USERA,ORCASUR,11822
2004,4,USERA,ALMENDRALES,19312
2004,4,USERA,SAN FERMIN,19700
2004,5,USERA,ORCASUR,11862
2004,5,USERA,MOSCARDO,27204
2004,5,USERA,ORCASITAS,21006
2004,5,USERA,ALMENDRALES,19391
2004,5,USERA,ZOFIO,14600
2004,5,USERA,SAN FERMIN,19821
2004,5,USERA,PRADOLONGO,17171
2004,6,USERA,ORCASITAS,21029
2004,6,USERA,ALMENDRALES,19470
2004,6,USERA,SAN FERMIN,19965
2004,6,USERA,MOSCARDO,27204
2004,6,USERA,PRADOLONGO,17163
2004,6,USERA,ZOFIO,14578
2004,6,USERA,ORCASUR,11871
2004,7,USERA,ZOFIO,14521
2004,7,USERA,MOSCARDO,27148
2004,7,USERA,SAN FERMIN,20060
2004,7,USERA,ORCASITAS,21066
2004,7,USERA,ORCASUR,11883
2004,7,USERA,PRADOLONGO,17151
2004,7,USERA,ALMENDRALES,19486
2004,8,USERA,MOSCARDO,27180
2004,8,USERA,ORCASITAS,21188
2004,8,USERA,ORCASUR,11887
2004,8,USERA,ZOFIO,14562
2004,8,USERA,PRADOLONGO,17206
2004,8,USERA,SAN FERMIN,20320
2004,8,USERA,ALMENDRALES,19686
2004,9,USERA,ORCASITAS,21311
2004,9,USERA,ALMENDRALES,19852
2004,9,USERA,MOSCARDO,27353
2004,9,USERA,ZOFIO,14643
2004,9,USERA,ORCASUR,11913
2004,9,USERA,PRADOLONGO,17305
2004,9,USERA,SAN FERMIN,20533
2004,10,USERA,MOSCARDO,27183
2004,10,USERA,PRADOLONGO,17239
2004,10,USERA,ALMENDRALES,19819
2004,10,USERA,ORCASUR,11910
2004,10,USERA,SAN FERMIN,20515
2004,10,USERA,ORCASITAS,21268
2004,10,USERA,ZOFIO,14598
2004,11,USERA,MOSCARDO,27361
2004,11,USERA,ORCASITAS,21381
2004,11,USERA,PRADOLONGO,17460
2004,11,USERA,ZOFIO,14696
2004,11,USERA,ORCASUR,11978
2004,11,USERA,ALMENDRALES,19928
2004,11,USERA,SAN FERMIN,20670
2004,12,USERA,ALMENDRALES,19963
2004,12,USERA,PRADOLONGO,17403
2004,12,USERA,ZOFIO,14690
2004,12,USERA,SAN FERMIN,20765
2004,12,USERA,ORCASITAS,21394
2004,12,USERA,ORCASUR,11966
2004,12,USERA,MOSCARDO,27306
2004,1,VICALVARO,CASCO H.VICALVARO,41572
2004,1,VICALVARO,VALDEBERNARDO,20029
2004,2,VICALVARO,VALDEBERNARDO,19945
2004,2,VICALVARO,CASCO H.VICALVARO,41688
2004,3,VICALVARO,VALDEBERNARDO,19961
2004,3,VICALVARO,CASCO H.VICALVARO,41914
2004,4,VICALVARO,VALDEBERNARDO,19935
2004,4,VICALVARO,CASCO H.VICALVARO,42104
2004,5,VICALVARO,VALDEBERNARDO,19952
2004,5,VICALVARO,CASCO H.VICALVARO,42402
2004,6,VICALVARO,CASCO H.VICALVARO,42670
2004,6,VICALVARO,VALDEBERNARDO,19951
2004,7,VICALVARO,VALDEBERNARDO,19891
2004,7,VICALVARO,CASCO H.VICALVARO,42777
2004,8,VICALVARO,VALDEBERNARDO,19937
2004,8,VICALVARO,CASCO H.VICALVARO,43160
2004,9,VICALVARO,CASCO H.VICALVARO,43517
2004,9,VICALVARO,VALDEBERNARDO,20037
2004,10,VICALVARO,VALDEBERNARDO,19916
2004,10,VICALVARO,CASCO H.VICALVARO,43576
2004,11,VICALVARO,CASCO H.VICALVARO,43995
2004,11,VICALVARO,VALDEBERNARDO,20033
2004,12,VICALVARO,CASCO H.VICALVARO,44260
2004,12,VICALVARO,VALDEBERNARDO,19984
2004,1,VILLA DE VALLECAS,SANTA EUGENIA,27736
2004,1,VILLA DE VALLECAS,CASCO H.VALLECAS,37803
2004,2,VILLA DE VALLECAS,SANTA EUGENIA,27684
2004,2,VILLA DE VALLECAS,CASCO H.VALLECAS,37800
2004,3,VILLA DE VALLECAS,CASCO H.VALLECAS,37951
2004,3,VILLA DE VALLECAS,SANTA EUGENIA,27625
2004,4,VILLA DE VALLECAS,SANTA EUGENIA,27498
2004,4,VILLA DE VALLECAS,CASCO H.VALLECAS,38081
2004,5,VILLA DE VALLECAS,SANTA EUGENIA,27531
2004,5,VILLA DE VALLECAS,CASCO H.VALLECAS,38243
2004,6,VILLA DE VALLECAS,CASCO H.VALLECAS,38334
2004,6,VILLA DE VALLECAS,SANTA EUGENIA,27484
2004,7,VILLA DE VALLECAS,CASCO H.VALLECAS,38281
2004,7,VILLA DE VALLECAS,SANTA EUGENIA,27397
2004,8,VILLA DE VALLECAS,SANTA EUGENIA,27488
2004,8,VILLA DE VALLECAS,CASCO H.VALLECAS,38509
2004,9,VILLA DE VALLECAS,SANTA EUGENIA,27597
2004,9,VILLA DE VALLECAS,CASCO H.VALLECAS,38717
2004,10,VILLA DE VALLECAS,SANTA EUGENIA,27474
2004,10,VILLA DE VALLECAS,CASCO H.VALLECAS,38607
2004,11,VILLA DE VALLECAS,CASCO H.VALLECAS,38806
2004,11,VILLA DE VALLECAS,SANTA EUGENIA,27556
2004,12,VILLA DE VALLECAS,SANTA EUGENIA,27477
2004,12,VILLA DE VALLECAS,CASCO H.VALLECAS,38767
2004,1,VILLAVERDE,BUTARQUE,10580
2004,1,VILLAVERDE,VILLAVERDE ALTO C.H.,43384
2004,1,VILLAVERDE,LOS ROSALES,36680
2004,1,VILLAVERDE,LOS ANGELES,34598
2004,1,VILLAVERDE,SAN CRISTOBAL,16148
2004,2,VILLAVERDE,LOS ANGELES,34484
2004,2,VILLAVERDE,VILLAVERDE ALTO C.H.,43224
2004,2,VILLAVERDE,SAN CRISTOBAL,16115
2004,2,VILLAVERDE,BUTARQUE,10692
2004,2,VILLAVERDE,LOS ROSALES,36600
2004,3,VILLAVERDE,LOS ANGELES,34522
2004,3,VILLAVERDE,VILLAVERDE ALTO C.H.,43348
2004,3,VILLAVERDE,BUTARQUE,10876
2004,3,VILLAVERDE,LOS ROSALES,36700
2004,3,VILLAVERDE,SAN CRISTOBAL,16158
2004,4,VILLAVERDE,LOS ANGELES,34519
2004,4,VILLAVERDE,SAN CRISTOBAL,16209
2004,4,VILLAVERDE,BUTARQUE,11039
2004,4,VILLAVERDE,VILLAVERDE ALTO C.H.,43423
2004,4,VILLAVERDE,LOS ROSALES,36760
2004,5,VILLAVERDE,VILLAVERDE ALTO C.H.,43598
2004,5,VILLAVERDE,SAN CRISTOBAL,16360
2004,5,VILLAVERDE,BUTARQUE,11179
2004,5,VILLAVERDE,LOS ANGELES,34533
2004,5,VILLAVERDE,LOS ROSALES,36926
2004,6,VILLAVERDE,SAN CRISTOBAL,16364
2004,6,VILLAVERDE,LOS ANGELES,34486
2004,6,VILLAVERDE,BUTARQUE,11300
2004,6,VILLAVERDE,LOS ROSALES,37029
2004,6,VILLAVERDE,VILLAVERDE ALTO C.H.,43671
2004,7,VILLAVERDE,LOS ANGELES,34383
2004,7,VILLAVERDE,VILLAVERDE ALTO C.H.,43545
2004,7,VILLAVERDE,BUTARQUE,11350
2004,7,VILLAVERDE,SAN CRISTOBAL,16328
2004,7,VILLAVERDE,LOS ROSALES,36966
2004,8,VILLAVERDE,LOS ROSALES,37179
2004,8,VILLAVERDE,LOS ANGELES,34511
2004,8,VILLAVERDE,VILLAVERDE ALTO C.H.,43833
2004,8,VILLAVERDE,BUTARQUE,11542
2004,8,VILLAVERDE,SAN CRISTOBAL,16444
2004,9,VILLAVERDE,LOS ANGELES,34575
2004,9,VILLAVERDE,BUTARQUE,11703
2004,9,VILLAVERDE,LOS ROSALES,37387
2004,9,VILLAVERDE,VILLAVERDE ALTO C.H.,44106
2004,9,VILLAVERDE,SAN CRISTOBAL,16650
2004,10,VILLAVERDE,SAN CRISTOBAL,16546
2004,10,VILLAVERDE,LOS ROSALES,37301
2004,10,VILLAVERDE,BUTARQUE,11784
2004,10,VILLAVERDE,VILLAVERDE ALTO C.H.,43902
2004,10,VILLAVERDE,LOS ANGELES,34348
2004,11,VILLAVERDE,LOS ANGELES,34425
2004,11,VILLAVERDE,LOS ROSALES,37505
2004,11,VILLAVERDE,VILLAVERDE ALTO C.H.,44116
2004,11,VILLAVERDE,BUTARQUE,11933
2004,11,VILLAVERDE,SAN CRISTOBAL,16687
2004,12,VILLAVERDE,BUTARQUE,12128
2004,12,VILLAVERDE,LOS ROSALES,37544
2004,12,VILLAVERDE,LOS ANGELES,34312
2004,12,VILLAVERDE,VILLAVERDE ALTO C.H.,43985
2004,12,VILLAVERDE,SAN CRISTOBAL,16714
