year;month;districtId;district;neighborhoodId;neighborhood;value
2020;1;2;ARGANZUELA;2004;LEGAZPI;19820
2020;1;2;ARGANZUELA;2006;PALOS DE MOGUER;26344
2020;1;2;ARGANZUELA;2003;CHOPERA;20356
2020;1;2;ARGANZUELA;2005;DELICIAS;28379
2020;1;2;ARGANZUELA;2001;IMPERIAL;22982
2020;1;2;ARGANZUELA;2007;ATOCHA;1297
2020;1;2;ARGANZUELA;2002;ACACIAS;37049
2020;2;2;ARGANZUELA;2002;ACACIAS;37080
2020;2;2;ARGANZUELA;2006;PALOS DE MOGUER;26355
2020;2;2;ARGANZUELA;2004;LEGAZPI;19873
2020;2;2;ARGANZUELA;2001;IMPERIAL;22975
2020;2;2;ARGANZUELA;2003;CHOPERA;20380
2020;2;2;ARGANZUELA;2005;DELICIAS;28463
2020;2;2;ARGANZUELA;2007;ATOCHA;1329
2020;3;2;ARGANZUELA;2001;IMPERIAL;22991
2020;3;2;ARGANZUELA;2007;ATOCHA;1335
2020;3;2;ARGANZUELA;2005;DELICIAS;28471
2020;3;2;ARGANZUELA;2004;LEGAZPI;19846
2020;3;2;ARGANZUELA;2002;ACACIAS;37049
2020;3;2;ARGANZUELA;2006;PALOS DE MOGUER;26366
2020;3;2;ARGANZUELA;2003;CHOPERA;20354
2020;4;2;ARGANZUELA;2004;LEGAZPI;19861
2020;4;2;ARGANZUELA;2003;CHOPERA;20333
2020;4;2;ARGANZUELA;2002;ACACIAS;37014
2020;4;2;ARGANZUELA;2007;ATOCHA;1342
2020;4;2;ARGANZUELA;2001;IMPERIAL;22955
2020;4;2;ARGANZUELA;2006;PALOS DE MOGUER;26326
2020;4;2;ARGANZUELA;2005;DELICIAS;28473
2020;5;2;ARGANZUELA;2003;CHOPERA;20373
2020;5;2;ARGANZUELA;2001;IMPERIAL;22971
2020;5;2;ARGANZUELA;2005;DELICIAS;28548
2020;5;2;ARGANZUELA;2004;LEGAZPI;19843
2020;5;2;ARGANZUELA;2007;ATOCHA;1355
2020;5;2;ARGANZUELA;2002;ACACIAS;37030
2020;5;2;ARGANZUELA;2006;PALOS DE MOGUER;26369
2020;6;2;ARGANZUELA;2004;LEGAZPI;19821
2020;6;2;ARGANZUELA;2002;ACACIAS;36885
2020;6;2;ARGANZUELA;2007;ATOCHA;1375
2020;6;2;ARGANZUELA;2003;CHOPERA;20281
2020;6;2;ARGANZUELA;2001;IMPERIAL;22891
2020;6;2;ARGANZUELA;2005;DELICIAS;28501
2020;6;2;ARGANZUELA;2006;PALOS DE MOGUER;26251
2020;7;2;ARGANZUELA;2005;DELICIAS;28479
2020;7;2;ARGANZUELA;2001;IMPERIAL;22813
2020;7;2;ARGANZUELA;2007;ATOCHA;1386
2020;7;2;ARGANZUELA;2003;CHOPERA;20254
2020;7;2;ARGANZUELA;2004;LEGAZPI;19795
2020;7;2;ARGANZUELA;2006;PALOS DE MOGUER;26200
2020;7;2;ARGANZUELA;2002;ACACIAS;36717
2020;8;2;ARGANZUELA;2002;ACACIAS;36661
2020;8;2;ARGANZUELA;2005;DELICIAS;28520
2020;8;2;ARGANZUELA;2001;IMPERIAL;22784
2020;8;2;ARGANZUELA;2007;ATOCHA;1404
2020;8;2;ARGANZUELA;2006;PALOS DE MOGUER;26111
2020;8;2;ARGANZUELA;2003;CHOPERA;20253
2020;8;2;ARGANZUELA;2004;LEGAZPI;19771
2020;9;2;ARGANZUELA;2002;ACACIAS;36686
2020;9;2;ARGANZUELA;2005;DELICIAS;28564
2020;9;2;ARGANZUELA;2007;ATOCHA;1427
2020;9;2;ARGANZUELA;2006;PALOS DE MOGUER;26037
2020;9;2;ARGANZUELA;2004;LEGAZPI;19762
2020;9;2;ARGANZUELA;2003;CHOPERA;20221
2020;9;2;ARGANZUELA;2001;IMPERIAL;22796
2020;10;2;ARGANZUELA;2006;PALOS DE MOGUER;26021
2020;10;2;ARGANZUELA;2007;ATOCHA;1439
2020;10;2;ARGANZUELA;2005;DELICIAS;28608
2020;10;2;ARGANZUELA;2004;LEGAZPI;19753
2020;10;2;ARGANZUELA;2001;IMPERIAL;22788
2020;10;2;ARGANZUELA;2003;CHOPERA;20241
2020;10;2;ARGANZUELA;2002;ACACIAS;36690
2020;11;2;ARGANZUELA;2004;LEGAZPI;19702
2020;11;2;ARGANZUELA;2005;DELICIAS;28578
2020;11;2;ARGANZUELA;2002;ACACIAS;36607
2020;11;2;ARGANZUELA;2003;CHOPERA;20208
2020;11;2;ARGANZUELA;2007;ATOCHA;1445
2020;11;2;ARGANZUELA;2006;PALOS DE MOGUER;26004
2020;11;2;ARGANZUELA;2001;IMPERIAL;22739
2020;12;2;ARGANZUELA;2001;IMPERIAL;22702
2020;12;2;ARGANZUELA;2004;LEGAZPI;19660
2020;12;2;ARGANZUELA;2003;CHOPERA;20187
2020;12;2;ARGANZUELA;2002;ACACIAS;36544
2020;12;2;ARGANZUELA;2007;ATOCHA;1450
2020;12;2;ARGANZUELA;2006;PALOS DE MOGUER;25931
2020;12;2;ARGANZUELA;2005;DELICIAS;28518
2020;1;21;BARAJAS;21003;CASCO H.BARAJAS;7735
2020;1;21;BARAJAS;21002;AEROPUERTO;1911
2020;1;21;BARAJAS;21005;CORRALEJOS;7808
2020;1;21;BARAJAS;21001;ALAMEDA DE OSUNA;19873
2020;1;21;BARAJAS;21004;TIMON;12942
2020;2;21;BARAJAS;21001;ALAMEDA DE OSUNA;19856
2020;2;21;BARAJAS;21002;AEROPUERTO;1933
2020;2;21;BARAJAS;21004;TIMON;12990
2020;2;21;BARAJAS;21003;CASCO H.BARAJAS;7723
2020;2;21;BARAJAS;21005;CORRALEJOS;7793
2020;3;21;BARAJAS;21002;AEROPUERTO;1933
2020;3;21;BARAJAS;21004;TIMON;13027
2020;3;21;BARAJAS;21001;ALAMEDA DE OSUNA;19840
2020;3;21;BARAJAS;21003;CASCO H.BARAJAS;7695
2020;3;21;BARAJAS;21005;CORRALEJOS;7791
2020;4;21;BARAJAS;21005;CORRALEJOS;7801
2020;4;21;BARAJAS;21003;CASCO H.BARAJAS;7677
2020;4;21;BARAJAS;21004;TIMON;13046
2020;4;21;BARAJAS;21002;AEROPUERTO;1917
2020;4;21;BARAJAS;21001;ALAMEDA DE OSUNA;19846
2020;5;21;BARAJAS;21003;CASCO H.BARAJAS;7669
2020;5;21;BARAJAS;21002;AEROPUERTO;1927
2020;5;21;BARAJAS;21004;TIMON;13081
2020;5;21;BARAJAS;21001;ALAMEDA DE OSUNA;19855
2020;5;21;BARAJAS;21005;CORRALEJOS;7813
2020;6;21;BARAJAS;21003;CASCO H.BARAJAS;7671
2020;6;21;BARAJAS;21005;CORRALEJOS;7778
2020;6;21;BARAJAS;21004;TIMON;13111
2020;6;21;BARAJAS;21001;ALAMEDA DE OSUNA;19834
2020;6;21;BARAJAS;21002;AEROPUERTO;1926
2020;7;21;BARAJAS;21002;AEROPUERTO;1933
2020;7;21;BARAJAS;21001;ALAMEDA DE OSUNA;19808
2020;7;21;BARAJAS;21005;CORRALEJOS;7742
2020;7;21;BARAJAS;21003;CASCO H.BARAJAS;7613
2020;7;21;BARAJAS;21004;TIMON;13141
2020;8;21;BARAJAS;21001;ALAMEDA DE OSUNA;19772
2020;8;21;BARAJAS;21003;CASCO H.BARAJAS;7595
2020;8;21;BARAJAS;21002;AEROPUERTO;1930
2020;8;21;BARAJAS;21005;CORRALEJOS;7751
2020;8;21;BARAJAS;21004;TIMON;13196
2020;9;21;BARAJAS;21003;CASCO H.BARAJAS;7542
2020;9;21;BARAJAS;21002;AEROPUERTO;1918
2020;9;21;BARAJAS;21001;ALAMEDA DE OSUNA;19771
2020;9;21;BARAJAS;21004;TIMON;13268
2020;9;21;BARAJAS;21005;CORRALEJOS;7729
2020;10;21;BARAJAS;21002;AEROPUERTO;1922
2020;10;21;BARAJAS;21005;CORRALEJOS;7745
2020;10;21;BARAJAS;21004;TIMON;13310
2020;10;21;BARAJAS;21001;ALAMEDA DE OSUNA;19811
2020;10;21;BARAJAS;21003;CASCO H.BARAJAS;7536
2020;11;21;BARAJAS;21002;AEROPUERTO;1923
2020;11;21;BARAJAS;21003;CASCO H.BARAJAS;7548
2020;11;21;BARAJAS;21004;TIMON;13359
2020;11;21;BARAJAS;21005;CORRALEJOS;7718
2020;11;21;BARAJAS;21001;ALAMEDA DE OSUNA;19737
2020;12;21;BARAJAS;21001;ALAMEDA DE OSUNA;19751
2020;12;21;BARAJAS;21003;CASCO H.BARAJAS;7540
2020;12;21;BARAJAS;21005;CORRALEJOS;7690
2020;12;21;BARAJAS;21004;TIMON;13366
2020;12;21;BARAJAS;21002;AEROPUERTO;1924
2020;1;11;CARABANCHEL;11001;COMILLAS;23040
2020;1;11;CARABANCHEL;11005;PUERTA BONITA;36157
2020;1;11;CARABANCHEL;11003;SAN ISIDRO;40247
2020;1;11;CARABANCHEL;11006;BUENAVISTA;48274
2020;1;11;CARABANCHEL;11002;OPAÑEL;33857
2020;1;11;CARABANCHEL;11004;VISTA ALEGRE;47757
2020;1;11;CARABANCHEL;11007;ABRANTES;32145
2020;2;11;CARABANCHEL;11001;COMILLAS;23099
2020;2;11;CARABANCHEL;11005;PUERTA BONITA;36389
2020;2;11;CARABANCHEL;11003;SAN ISIDRO;40288
2020;2;11;CARABANCHEL;11002;OPAÑEL;33907
2020;2;11;CARABANCHEL;11004;VISTA ALEGRE;47855
2020;2;11;CARABANCHEL;11007;ABRANTES;32153
2020;2;11;CARABANCHEL;11006;BUENAVISTA;48325
2020;3;11;CARABANCHEL;11003;SAN ISIDRO;40313
2020;3;11;CARABANCHEL;11001;COMILLAS;23067
2020;3;11;CARABANCHEL;11006;BUENAVISTA;48320
2020;3;11;CARABANCHEL;11002;OPAÑEL;33957
2020;3;11;CARABANCHEL;11004;VISTA ALEGRE;47822
2020;3;11;CARABANCHEL;11005;PUERTA BONITA;36350
2020;3;11;CARABANCHEL;11007;ABRANTES;32175
2020;4;11;CARABANCHEL;11003;SAN ISIDRO;40249
2020;4;11;CARABANCHEL;11002;OPAÑEL;33936
2020;4;11;CARABANCHEL;11004;VISTA ALEGRE;47715
2020;4;11;CARABANCHEL;11005;PUERTA BONITA;36268
2020;4;11;CARABANCHEL;11006;BUENAVISTA;48316
2020;4;11;CARABANCHEL;11001;COMILLAS;23010
2020;4;11;CARABANCHEL;11007;ABRANTES;32113
2020;5;11;CARABANCHEL;11001;COMILLAS;23040
2020;5;11;CARABANCHEL;11003;SAN ISIDRO;40291
2020;5;11;CARABANCHEL;11004;VISTA ALEGRE;47754
2020;5;11;CARABANCHEL;11006;BUENAVISTA;48375
2020;5;11;CARABANCHEL;11005;PUERTA BONITA;36304
2020;5;11;CARABANCHEL;11007;ABRANTES;32127
2020;5;11;CARABANCHEL;11002;OPAÑEL;33965
2020;6;11;CARABANCHEL;11003;SAN ISIDRO;40078
2020;6;11;CARABANCHEL;11004;VISTA ALEGRE;47467
2020;6;11;CARABANCHEL;11001;COMILLAS;23000
2020;6;11;CARABANCHEL;11002;OPAÑEL;33875
2020;6;11;CARABANCHEL;11005;PUERTA BONITA;36100
2020;6;11;CARABANCHEL;11006;BUENAVISTA;48284
2020;6;11;CARABANCHEL;11007;ABRANTES;31994
2020;7;11;CARABANCHEL;11002;OPAÑEL;33885
2020;7;11;CARABANCHEL;11005;PUERTA BONITA;36103
2020;7;11;CARABANCHEL;11001;COMILLAS;22998
2020;7;11;CARABANCHEL;11006;BUENAVISTA;48300
2020;7;11;CARABANCHEL;11003;SAN ISIDRO;40083
2020;7;11;CARABANCHEL;11007;ABRANTES;31994
2020;7;11;CARABANCHEL;11004;VISTA ALEGRE;47411
2020;8;11;CARABANCHEL;11006;BUENAVISTA;48335
2020;8;11;CARABANCHEL;11004;VISTA ALEGRE;47479
2020;8;11;CARABANCHEL;11005;PUERTA BONITA;36123
2020;8;11;CARABANCHEL;11002;OPAÑEL;33888
2020;8;11;CARABANCHEL;11001;COMILLAS;22981
2020;8;11;CARABANCHEL;11003;SAN ISIDRO;40049
2020;8;11;CARABANCHEL;11007;ABRANTES;31972
2020;9;11;CARABANCHEL;11007;ABRANTES;31910
2020;9;11;CARABANCHEL;11006;BUENAVISTA;48214
2020;9;11;CARABANCHEL;11005;PUERTA BONITA;36050
2020;9;11;CARABANCHEL;11002;OPAÑEL;33856
2020;9;11;CARABANCHEL;11004;VISTA ALEGRE;47361
2020;9;11;CARABANCHEL;11001;COMILLAS;22878
2020;9;11;CARABANCHEL;11003;SAN ISIDRO;39972
2020;10;11;CARABANCHEL;11001;COMILLAS;22863
2020;10;11;CARABANCHEL;11005;PUERTA BONITA;36127
2020;10;11;CARABANCHEL;11003;SAN ISIDRO;39977
2020;10;11;CARABANCHEL;11006;BUENAVISTA;48233
2020;10;11;CARABANCHEL;11007;ABRANTES;31830
2020;10;11;CARABANCHEL;11002;OPAÑEL;33972
2020;10;11;CARABANCHEL;11004;VISTA ALEGRE;47431
2020;11;11;CARABANCHEL;11005;PUERTA BONITA;36103
2020;11;11;CARABANCHEL;11002;OPAÑEL;33918
2020;11;11;CARABANCHEL;11003;SAN ISIDRO;39958
2020;11;11;CARABANCHEL;11004;VISTA ALEGRE;47370
2020;11;11;CARABANCHEL;11001;COMILLAS;22896
2020;11;11;CARABANCHEL;11007;ABRANTES;31703
2020;11;11;CARABANCHEL;11006;BUENAVISTA;48197
2020;12;11;CARABANCHEL;11002;OPAÑEL;33834
2020;12;11;CARABANCHEL;11006;BUENAVISTA;48194
2020;12;11;CARABANCHEL;11004;VISTA ALEGRE;47261
2020;12;11;CARABANCHEL;11007;ABRANTES;31664
2020;12;11;CARABANCHEL;11001;COMILLAS;22820
2020;12;11;CARABANCHEL;11003;SAN ISIDRO;39889
2020;12;11;CARABANCHEL;11005;PUERTA BONITA;36095
2020;1;1;CENTRO;1003;CORTES;10760
2020;1;1;CENTRO;1001;PALACIO;23708
2020;1;1;CENTRO;1005;UNIVERSIDAD;33434
2020;1;1;CENTRO;1004;JUSTICIA;18072
2020;1;1;CENTRO;1002;EMBAJADORES;47151
2020;1;1;CENTRO;1006;SOL;7665
2020;2;1;CENTRO;1002;EMBAJADORES;47277
2020;2;1;CENTRO;1004;JUSTICIA;18141
2020;2;1;CENTRO;1005;UNIVERSIDAD;33547
2020;2;1;CENTRO;1001;PALACIO;23779
2020;2;1;CENTRO;1003;CORTES;10768
2020;2;1;CENTRO;1006;SOL;7658
2020;3;1;CENTRO;1002;EMBAJADORES;47244
2020;3;1;CENTRO;1004;JUSTICIA;18121
2020;3;1;CENTRO;1006;SOL;7655
2020;3;1;CENTRO;1001;PALACIO;23801
2020;3;1;CENTRO;1003;CORTES;10752
2020;3;1;CENTRO;1005;UNIVERSIDAD;33545
2020;4;1;CENTRO;1006;SOL;7640
2020;4;1;CENTRO;1004;JUSTICIA;18107
2020;4;1;CENTRO;1001;PALACIO;23777
2020;4;1;CENTRO;1002;EMBAJADORES;47197
2020;4;1;CENTRO;1005;UNIVERSIDAD;33519
2020;4;1;CENTRO;1003;CORTES;10720
2020;5;1;CENTRO;1002;EMBAJADORES;47258
2020;5;1;CENTRO;1003;CORTES;10724
2020;5;1;CENTRO;1005;UNIVERSIDAD;33555
2020;5;1;CENTRO;1004;JUSTICIA;18138
2020;5;1;CENTRO;1006;SOL;7653
2020;5;1;CENTRO;1001;PALACIO;23832
2020;6;1;CENTRO;1006;SOL;7629
2020;6;1;CENTRO;1003;CORTES;10635
2020;6;1;CENTRO;1005;UNIVERSIDAD;33373
2020;6;1;CENTRO;1004;JUSTICIA;18031
2020;6;1;CENTRO;1001;PALACIO;23670
2020;6;1;CENTRO;1002;EMBAJADORES;47022
2020;7;1;CENTRO;1003;CORTES;10667
2020;7;1;CENTRO;1005;UNIVERSIDAD;33368
2020;7;1;CENTRO;1001;PALACIO;23677
2020;7;1;CENTRO;1004;JUSTICIA;18032
2020;7;1;CENTRO;1006;SOL;7687
2020;7;1;CENTRO;1002;EMBAJADORES;47155
2020;8;1;CENTRO;1001;PALACIO;23697
2020;8;1;CENTRO;1003;CORTES;10700
2020;8;1;CENTRO;1005;UNIVERSIDAD;33389
2020;8;1;CENTRO;1002;EMBAJADORES;47238
2020;8;1;CENTRO;1004;JUSTICIA;18049
2020;8;1;CENTRO;1006;SOL;7728
2020;9;1;CENTRO;1001;PALACIO;23664
2020;9;1;CENTRO;1004;JUSTICIA;18037
2020;9;1;CENTRO;1006;SOL;7791
2020;9;1;CENTRO;1003;CORTES;10655
2020;9;1;CENTRO;1002;EMBAJADORES;47163
2020;9;1;CENTRO;1005;UNIVERSIDAD;33335
2020;10;1;CENTRO;1003;CORTES;10763
2020;10;1;CENTRO;1001;PALACIO;23691
2020;10;1;CENTRO;1006;SOL;7914
2020;10;1;CENTRO;1004;JUSTICIA;18179
2020;10;1;CENTRO;1002;EMBAJADORES;47460
2020;10;1;CENTRO;1005;UNIVERSIDAD;33527
2020;11;1;CENTRO;1001;PALACIO;23742
2020;11;1;CENTRO;1002;EMBAJADORES;47520
2020;11;1;CENTRO;1005;UNIVERSIDAD;33595
2020;11;1;CENTRO;1003;CORTES;10807
2020;11;1;CENTRO;1006;SOL;8008
2020;11;1;CENTRO;1004;JUSTICIA;18271
2020;12;1;CENTRO;1001;PALACIO;23729
2020;12;1;CENTRO;1005;UNIVERSIDAD;33580
2020;12;1;CENTRO;1002;EMBAJADORES;47528
2020;12;1;CENTRO;1003;CORTES;10846
2020;12;1;CENTRO;1006;SOL;8046
2020;12;1;CENTRO;1004;JUSTICIA;18304
2020;1;5;CHAMARTIN;5006;CASTILLA;17316
2020;1;5;CHAMARTIN;5003;CIUDAD JARDIN;18970
2020;1;5;CHAMARTIN;5001;EL VISO;17486
2020;1;5;CHAMARTIN;5005;NUEVA ESPAÑA;25105
2020;1;5;CHAMARTIN;5004;HISPANOAMERICA;32201
2020;1;5;CHAMARTIN;5002;PROSPERIDAD;37041
2020;2;5;CHAMARTIN;5001;EL VISO;17502
2020;2;5;CHAMARTIN;5005;NUEVA ESPAÑA;25112
2020;2;5;CHAMARTIN;5003;CIUDAD JARDIN;18973
2020;2;5;CHAMARTIN;5004;HISPANOAMERICA;32181
2020;2;5;CHAMARTIN;5002;PROSPERIDAD;37018
2020;2;5;CHAMARTIN;5006;CASTILLA;17303
2020;3;5;CHAMARTIN;5002;PROSPERIDAD;36982
2020;3;5;CHAMARTIN;5001;EL VISO;17501
2020;3;5;CHAMARTIN;5004;HISPANOAMERICA;32175
2020;3;5;CHAMARTIN;5005;NUEVA ESPAÑA;25135
2020;3;5;CHAMARTIN;5006;CASTILLA;17283
2020;3;5;CHAMARTIN;5003;CIUDAD JARDIN;18965
2020;4;5;CHAMARTIN;5003;CIUDAD JARDIN;18930
2020;4;5;CHAMARTIN;5004;HISPANOAMERICA;32152
2020;4;5;CHAMARTIN;5002;PROSPERIDAD;36958
2020;4;5;CHAMARTIN;5005;NUEVA ESPAÑA;25118
2020;4;5;CHAMARTIN;5006;CASTILLA;17294
2020;4;5;CHAMARTIN;5001;EL VISO;17486
2020;5;5;CHAMARTIN;5006;CASTILLA;17317
2020;5;5;CHAMARTIN;5004;HISPANOAMERICA;32153
2020;5;5;CHAMARTIN;5005;NUEVA ESPAÑA;25129
2020;5;5;CHAMARTIN;5001;EL VISO;17485
2020;5;5;CHAMARTIN;5002;PROSPERIDAD;37007
2020;5;5;CHAMARTIN;5003;CIUDAD JARDIN;18933
2020;6;5;CHAMARTIN;5003;CIUDAD JARDIN;18847
2020;6;5;CHAMARTIN;5001;EL VISO;17443
2020;6;5;CHAMARTIN;5004;HISPANOAMERICA;32065
2020;6;5;CHAMARTIN;5005;NUEVA ESPAÑA;25011
2020;6;5;CHAMARTIN;5006;CASTILLA;17282
2020;6;5;CHAMARTIN;5002;PROSPERIDAD;36819
2020;7;5;CHAMARTIN;5004;HISPANOAMERICA;32010
2020;7;5;CHAMARTIN;5001;EL VISO;17424
2020;7;5;CHAMARTIN;5005;NUEVA ESPAÑA;24949
2020;7;5;CHAMARTIN;5003;CIUDAD JARDIN;18801
2020;7;5;CHAMARTIN;5002;PROSPERIDAD;36811
2020;7;5;CHAMARTIN;5006;CASTILLA;17280
2020;8;5;CHAMARTIN;5006;CASTILLA;17290
2020;8;5;CHAMARTIN;5003;CIUDAD JARDIN;18803
2020;8;5;CHAMARTIN;5005;NUEVA ESPAÑA;24917
2020;8;5;CHAMARTIN;5002;PROSPERIDAD;36747
2020;8;5;CHAMARTIN;5001;EL VISO;17409
2020;8;5;CHAMARTIN;5004;HISPANOAMERICA;32001
2020;9;5;CHAMARTIN;5006;CASTILLA;17279
2020;9;5;CHAMARTIN;5003;CIUDAD JARDIN;18756
2020;9;5;CHAMARTIN;5002;PROSPERIDAD;36682
2020;9;5;CHAMARTIN;5005;NUEVA ESPAÑA;24839
2020;9;5;CHAMARTIN;5001;EL VISO;17389
2020;9;5;CHAMARTIN;5004;HISPANOAMERICA;31932
2020;10;5;CHAMARTIN;5002;PROSPERIDAD;36724
2020;10;5;CHAMARTIN;5001;EL VISO;17450
2020;10;5;CHAMARTIN;5005;NUEVA ESPAÑA;24834
2020;10;5;CHAMARTIN;5006;CASTILLA;17250
2020;10;5;CHAMARTIN;5003;CIUDAD JARDIN;18775
2020;10;5;CHAMARTIN;5004;HISPANOAMERICA;31932
2020;11;5;CHAMARTIN;5001;EL VISO;17451
2020;11;5;CHAMARTIN;5006;CASTILLA;17151
2020;11;5;CHAMARTIN;5003;CIUDAD JARDIN;18695
2020;11;5;CHAMARTIN;5002;PROSPERIDAD;36640
2020;11;5;CHAMARTIN;5004;HISPANOAMERICA;31777
2020;11;5;CHAMARTIN;5005;NUEVA ESPAÑA;24850
2020;12;5;CHAMARTIN;5005;NUEVA ESPAÑA;24791
2020;12;5;CHAMARTIN;5001;EL VISO;17405
2020;12;5;CHAMARTIN;5003;CIUDAD JARDIN;18690
2020;12;5;CHAMARTIN;5004;HISPANOAMERICA;31771
2020;12;5;CHAMARTIN;5002;PROSPERIDAD;36499
2020;12;5;CHAMARTIN;5006;CASTILLA;17180
2020;1;7;CHAMBERI;7001;GAZTAMBIDE;23446
2020;1;7;CHAMBERI;7004;ALMAGRO;19900
2020;1;7;CHAMBERI;7002;ARAPILES;24770
2020;1;7;CHAMBERI;7006;VALLEHERMOSO;20480
2020;1;7;CHAMBERI;7005;RIOS ROSAS;27671
2020;1;7;CHAMBERI;7003;TRAFALGAR;25117
2020;2;7;CHAMBERI;7005;RIOS ROSAS;27703
2020;2;7;CHAMBERI;7003;TRAFALGAR;25170
2020;2;7;CHAMBERI;7001;GAZTAMBIDE;23465
2020;2;7;CHAMBERI;7006;VALLEHERMOSO;20506
2020;2;7;CHAMBERI;7002;ARAPILES;24775
2020;2;7;CHAMBERI;7004;ALMAGRO;19894
2020;3;7;CHAMBERI;7004;ALMAGRO;19889
2020;3;7;CHAMBERI;7005;RIOS ROSAS;27707
2020;3;7;CHAMBERI;7002;ARAPILES;24779
2020;3;7;CHAMBERI;7001;GAZTAMBIDE;23420
2020;3;7;CHAMBERI;7006;VALLEHERMOSO;20461
2020;3;7;CHAMBERI;7003;TRAFALGAR;25160
2020;4;7;CHAMBERI;7005;RIOS ROSAS;27653
2020;4;7;CHAMBERI;7004;ALMAGRO;19885
2020;4;7;CHAMBERI;7002;ARAPILES;24772
2020;4;7;CHAMBERI;7001;GAZTAMBIDE;23379
2020;4;7;CHAMBERI;7003;TRAFALGAR;25134
2020;4;7;CHAMBERI;7006;VALLEHERMOSO;20431
2020;5;7;CHAMBERI;7003;TRAFALGAR;25131
2020;5;7;CHAMBERI;7002;ARAPILES;24789
2020;5;7;CHAMBERI;7001;GAZTAMBIDE;23392
2020;5;7;CHAMBERI;7005;RIOS ROSAS;27655
2020;5;7;CHAMBERI;7004;ALMAGRO;19854
2020;5;7;CHAMBERI;7006;VALLEHERMOSO;20436
2020;6;7;CHAMBERI;7002;ARAPILES;24660
2020;6;7;CHAMBERI;7005;RIOS ROSAS;27539
2020;6;7;CHAMBERI;7001;GAZTAMBIDE;23228
2020;6;7;CHAMBERI;7006;VALLEHERMOSO;20373
2020;6;7;CHAMBERI;7003;TRAFALGAR;24994
2020;6;7;CHAMBERI;7004;ALMAGRO;19722
2020;7;7;CHAMBERI;7006;VALLEHERMOSO;20296
2020;7;7;CHAMBERI;7003;TRAFALGAR;24935
2020;7;7;CHAMBERI;7002;ARAPILES;24604
2020;7;7;CHAMBERI;7004;ALMAGRO;19705
2020;7;7;CHAMBERI;7005;RIOS ROSAS;27508
2020;7;7;CHAMBERI;7001;GAZTAMBIDE;23214
2020;8;7;CHAMBERI;7001;GAZTAMBIDE;23191
2020;8;7;CHAMBERI;7004;ALMAGRO;19707
2020;8;7;CHAMBERI;7005;RIOS ROSAS;27468
2020;8;7;CHAMBERI;7006;VALLEHERMOSO;20258
2020;8;7;CHAMBERI;7002;ARAPILES;24561
2020;8;7;CHAMBERI;7003;TRAFALGAR;24886
2020;9;7;CHAMBERI;7001;GAZTAMBIDE;23178
2020;9;7;CHAMBERI;7004;ALMAGRO;19685
2020;9;7;CHAMBERI;7002;ARAPILES;24508
2020;9;7;CHAMBERI;7003;TRAFALGAR;24847
2020;9;7;CHAMBERI;7005;RIOS ROSAS;27444
2020;9;7;CHAMBERI;7006;VALLEHERMOSO;20268
2020;10;7;CHAMBERI;7004;ALMAGRO;19742
2020;10;7;CHAMBERI;7002;ARAPILES;24507
2020;10;7;CHAMBERI;7005;RIOS ROSAS;27460
2020;10;7;CHAMBERI;7006;VALLEHERMOSO;20288
2020;10;7;CHAMBERI;7001;GAZTAMBIDE;23155
2020;10;7;CHAMBERI;7003;TRAFALGAR;24866
2020;11;7;CHAMBERI;7001;GAZTAMBIDE;23087
2020;11;7;CHAMBERI;7004;ALMAGRO;19687
2020;11;7;CHAMBERI;7006;VALLEHERMOSO;20264
2020;11;7;CHAMBERI;7005;RIOS ROSAS;27404
2020;11;7;CHAMBERI;7002;ARAPILES;24447
2020;11;7;CHAMBERI;7003;TRAFALGAR;24783
2020;12;7;CHAMBERI;7003;TRAFALGAR;24752
2020;12;7;CHAMBERI;7004;ALMAGRO;19655
2020;12;7;CHAMBERI;7006;VALLEHERMOSO;20188
2020;12;7;CHAMBERI;7005;RIOS ROSAS;27352
2020;12;7;CHAMBERI;7001;GAZTAMBIDE;23067
2020;12;7;CHAMBERI;7002;ARAPILES;24377
2020;1;15;CIUDAD LINEAL;15001;VENTAS;49148
2020;1;15;CIUDAD LINEAL;15004;CONCEPCION;21231
2020;1;15;CIUDAD LINEAL;15006;SAN JUAN BAUTISTA;12760
2020;1;15;CIUDAD LINEAL;15009;COSTILLARES;22336
2020;1;15;CIUDAD LINEAL;15003;QUINTANA;25249
2020;1;15;CIUDAD LINEAL;15002;PUEBLO NUEVO;63794
2020;1;15;CIUDAD LINEAL;15008;ATALAYA;1566
2020;1;15;CIUDAD LINEAL;15005;SAN PASCUAL;18162
2020;1;15;CIUDAD LINEAL;15007;COLINA;6552
2020;2;15;CIUDAD LINEAL;15008;ATALAYA;1556
2020;2;15;CIUDAD LINEAL;15002;PUEBLO NUEVO;63930
2020;2;15;CIUDAD LINEAL;15001;VENTAS;49198
2020;2;15;CIUDAD LINEAL;15005;SAN PASCUAL;18149
2020;2;15;CIUDAD LINEAL;15007;COLINA;6539
2020;2;15;CIUDAD LINEAL;15004;CONCEPCION;21279
2020;2;15;CIUDAD LINEAL;15006;SAN JUAN BAUTISTA;12753
2020;2;15;CIUDAD LINEAL;15003;QUINTANA;25235
2020;2;15;CIUDAD LINEAL;15009;COSTILLARES;22320
2020;3;15;CIUDAD LINEAL;15007;COLINA;6536
2020;3;15;CIUDAD LINEAL;15006;SAN JUAN BAUTISTA;12737
2020;3;15;CIUDAD LINEAL;15003;QUINTANA;25251
2020;3;15;CIUDAD LINEAL;15009;COSTILLARES;22337
2020;3;15;CIUDAD LINEAL;15001;VENTAS;49157
2020;3;15;CIUDAD LINEAL;15004;CONCEPCION;21286
2020;3;15;CIUDAD LINEAL;15005;SAN PASCUAL;18150
2020;3;15;CIUDAD LINEAL;15008;ATALAYA;1555
2020;3;15;CIUDAD LINEAL;15002;PUEBLO NUEVO;63902
2020;4;15;CIUDAD LINEAL;15008;ATALAYA;1557
2020;4;15;CIUDAD LINEAL;15003;QUINTANA;25239
2020;4;15;CIUDAD LINEAL;15005;SAN PASCUAL;18126
2020;4;15;CIUDAD LINEAL;15002;PUEBLO NUEVO;63847
2020;4;15;CIUDAD LINEAL;15001;VENTAS;49090
2020;4;15;CIUDAD LINEAL;15006;SAN JUAN BAUTISTA;12743
2020;4;15;CIUDAD LINEAL;15007;COLINA;6523
2020;4;15;CIUDAD LINEAL;15009;COSTILLARES;22341
2020;4;15;CIUDAD LINEAL;15004;CONCEPCION;21256
2020;5;15;CIUDAD LINEAL;15004;CONCEPCION;21282
2020;5;15;CIUDAD LINEAL;15005;SAN PASCUAL;18135
2020;5;15;CIUDAD LINEAL;15002;PUEBLO NUEVO;63905
2020;5;15;CIUDAD LINEAL;15001;VENTAS;49139
2020;5;15;CIUDAD LINEAL;15009;COSTILLARES;22324
2020;5;15;CIUDAD LINEAL;15006;SAN JUAN BAUTISTA;12744
2020;5;15;CIUDAD LINEAL;15008;ATALAYA;1552
2020;5;15;CIUDAD LINEAL;15007;COLINA;6510
2020;5;15;CIUDAD LINEAL;15003;QUINTANA;25253
2020;6;15;CIUDAD LINEAL;15006;SAN JUAN BAUTISTA;12697
2020;6;15;CIUDAD LINEAL;15009;COSTILLARES;22247
2020;6;15;CIUDAD LINEAL;15004;CONCEPCION;21211
2020;6;15;CIUDAD LINEAL;15008;ATALAYA;1545
2020;6;15;CIUDAD LINEAL;15001;VENTAS;48918
2020;6;15;CIUDAD LINEAL;15005;SAN PASCUAL;18087
2020;6;15;CIUDAD LINEAL;15003;QUINTANA;25170
2020;6;15;CIUDAD LINEAL;15002;PUEBLO NUEVO;63747
2020;6;15;CIUDAD LINEAL;15007;COLINA;6491
2020;7;15;CIUDAD LINEAL;15003;QUINTANA;25132
2020;7;15;CIUDAD LINEAL;15006;SAN JUAN BAUTISTA;12653
2020;7;15;CIUDAD LINEAL;15005;SAN PASCUAL;18029
2020;7;15;CIUDAD LINEAL;15002;PUEBLO NUEVO;63660
2020;7;15;CIUDAD LINEAL;15004;CONCEPCION;21139
2020;7;15;CIUDAD LINEAL;15008;ATALAYA;1554
2020;7;15;CIUDAD LINEAL;15009;COSTILLARES;22198
2020;7;15;CIUDAD LINEAL;15001;VENTAS;48862
2020;7;15;CIUDAD LINEAL;15007;COLINA;6459
2020;8;15;CIUDAD LINEAL;15008;ATALAYA;1556
2020;8;15;CIUDAD LINEAL;15001;VENTAS;48843
2020;8;15;CIUDAD LINEAL;15005;SAN PASCUAL;18007
2020;8;15;CIUDAD LINEAL;15006;SAN JUAN BAUTISTA;12651
2020;8;15;CIUDAD LINEAL;15002;PUEBLO NUEVO;63589
2020;8;15;CIUDAD LINEAL;15007;COLINA;6433
2020;8;15;CIUDAD LINEAL;15003;QUINTANA;25096
2020;8;15;CIUDAD LINEAL;15004;CONCEPCION;21099
2020;8;15;CIUDAD LINEAL;15009;COSTILLARES;22166
2020;9;15;CIUDAD LINEAL;15005;SAN PASCUAL;17975
2020;9;15;CIUDAD LINEAL;15003;QUINTANA;24962
2020;9;15;CIUDAD LINEAL;15001;VENTAS;48752
2020;9;15;CIUDAD LINEAL;15007;COLINA;6390
2020;9;15;CIUDAD LINEAL;15008;ATALAYA;1555
2020;9;15;CIUDAD LINEAL;15004;CONCEPCION;21073
2020;9;15;CIUDAD LINEAL;15002;PUEBLO NUEVO;63454
2020;9;15;CIUDAD LINEAL;15006;SAN JUAN BAUTISTA;12636
2020;9;15;CIUDAD LINEAL;15009;COSTILLARES;22158
2020;10;15;CIUDAD LINEAL;15002;PUEBLO NUEVO;63456
2020;10;15;CIUDAD LINEAL;15006;SAN JUAN BAUTISTA;12588
2020;10;15;CIUDAD LINEAL;15001;VENTAS;48686
2020;10;15;CIUDAD LINEAL;15008;ATALAYA;1561
2020;10;15;CIUDAD LINEAL;15009;COSTILLARES;22135
2020;10;15;CIUDAD LINEAL;15003;QUINTANA;24903
2020;10;15;CIUDAD LINEAL;15007;COLINA;6393
2020;10;15;CIUDAD LINEAL;15005;SAN PASCUAL;17983
2020;10;15;CIUDAD LINEAL;15004;CONCEPCION;21020
2020;11;15;CIUDAD LINEAL;15001;VENTAS;48646
2020;11;15;CIUDAD LINEAL;15009;COSTILLARES;22120
2020;11;15;CIUDAD LINEAL;15006;SAN JUAN BAUTISTA;12556
2020;11;15;CIUDAD LINEAL;15007;COLINA;6389
2020;11;15;CIUDAD LINEAL;15005;SAN PASCUAL;17940
2020;11;15;CIUDAD LINEAL;15008;ATALAYA;1566
2020;11;15;CIUDAD LINEAL;15002;PUEBLO NUEVO;63185
2020;11;15;CIUDAD LINEAL;15003;QUINTANA;24814
2020;11;15;CIUDAD LINEAL;15004;CONCEPCION;20924
2020;12;15;CIUDAD LINEAL;15003;QUINTANA;24757
2020;12;15;CIUDAD LINEAL;15006;SAN JUAN BAUTISTA;12544
2020;12;15;CIUDAD LINEAL;15007;COLINA;6389
2020;12;15;CIUDAD LINEAL;15008;ATALAYA;1581
2020;12;15;CIUDAD LINEAL;15004;CONCEPCION;20831
2020;12;15;CIUDAD LINEAL;15009;COSTILLARES;22146
2020;12;15;CIUDAD LINEAL;15001;VENTAS;48631
2020;12;15;CIUDAD LINEAL;15002;PUEBLO NUEVO;63038
2020;12;15;CIUDAD LINEAL;15005;SAN PASCUAL;17899
2020;1;8;FUENCARRAL-EL PARDO;8005;LA PAZ;33713
2020;1;8;FUENCARRAL-EL PARDO;8002;FUENTELARREINA;3331
2020;1;8;FUENCARRAL-EL PARDO;8008;EL GOLOSO;19121
2020;1;8;FUENCARRAL-EL PARDO;8004;EL PILAR;47024
2020;1;8;FUENCARRAL-EL PARDO;8003;PEÑA GRANDE;45083
2020;1;8;FUENCARRAL-EL PARDO;8001;EL PARDO;3496
2020;1;8;FUENCARRAL-EL PARDO;8006;VALVERDE;64937
2020;1;8;FUENCARRAL-EL PARDO;8007;MIRASIERRA;34166
2020;2;8;FUENCARRAL-EL PARDO;8007;MIRASIERRA;34283
2020;2;8;FUENCARRAL-EL PARDO;8004;EL PILAR;47096
2020;2;8;FUENCARRAL-EL PARDO;8006;VALVERDE;65022
2020;2;8;FUENCARRAL-EL PARDO;8001;EL PARDO;3504
2020;2;8;FUENCARRAL-EL PARDO;8005;LA PAZ;33711
2020;2;8;FUENCARRAL-EL PARDO;8002;FUENTELARREINA;3338
2020;2;8;FUENCARRAL-EL PARDO;8008;EL GOLOSO;19151
2020;2;8;FUENCARRAL-EL PARDO;8003;PEÑA GRANDE;45054
2020;3;8;FUENCARRAL-EL PARDO;8001;EL PARDO;3492
2020;3;8;FUENCARRAL-EL PARDO;8007;MIRASIERRA;34303
2020;3;8;FUENCARRAL-EL PARDO;8005;LA PAZ;33638
2020;3;8;FUENCARRAL-EL PARDO;8006;VALVERDE;65004
2020;3;8;FUENCARRAL-EL PARDO;8008;EL GOLOSO;19149
2020;3;8;FUENCARRAL-EL PARDO;8004;EL PILAR;47122
2020;3;8;FUENCARRAL-EL PARDO;8003;PEÑA GRANDE;45052
2020;3;8;FUENCARRAL-EL PARDO;8002;FUENTELARREINA;3336
2020;4;8;FUENCARRAL-EL PARDO;8008;EL GOLOSO;19172
2020;4;8;FUENCARRAL-EL PARDO;8005;LA PAZ;33611
2020;4;8;FUENCARRAL-EL PARDO;8003;PEÑA GRANDE;45019
2020;4;8;FUENCARRAL-EL PARDO;8007;MIRASIERRA;34360
2020;4;8;FUENCARRAL-EL PARDO;8006;VALVERDE;65010
2020;4;8;FUENCARRAL-EL PARDO;8002;FUENTELARREINA;3335
2020;4;8;FUENCARRAL-EL PARDO;8001;EL PARDO;3489
2020;4;8;FUENCARRAL-EL PARDO;8004;EL PILAR;47047
2020;5;8;FUENCARRAL-EL PARDO;8006;VALVERDE;65150
2020;5;8;FUENCARRAL-EL PARDO;8003;PEÑA GRANDE;45091
2020;5;8;FUENCARRAL-EL PARDO;8005;LA PAZ;33583
2020;5;8;FUENCARRAL-EL PARDO;8008;EL GOLOSO;19246
2020;5;8;FUENCARRAL-EL PARDO;8002;FUENTELARREINA;3336
2020;5;8;FUENCARRAL-EL PARDO;8007;MIRASIERRA;34409
2020;5;8;FUENCARRAL-EL PARDO;8004;EL PILAR;47041
2020;5;8;FUENCARRAL-EL PARDO;8001;EL PARDO;3507
2020;6;8;FUENCARRAL-EL PARDO;8004;EL PILAR;46809
2020;6;8;FUENCARRAL-EL PARDO;8008;EL GOLOSO;19216
2020;6;8;FUENCARRAL-EL PARDO;8006;VALVERDE;64909
2020;6;8;FUENCARRAL-EL PARDO;8003;PEÑA GRANDE;44998
2020;6;8;FUENCARRAL-EL PARDO;8002;FUENTELARREINA;3324
2020;6;8;FUENCARRAL-EL PARDO;8007;MIRASIERRA;34382
2020;6;8;FUENCARRAL-EL PARDO;8005;LA PAZ;33504
2020;6;8;FUENCARRAL-EL PARDO;8001;EL PARDO;3494
2020;7;8;FUENCARRAL-EL PARDO;8001;EL PARDO;3473
2020;7;8;FUENCARRAL-EL PARDO;8007;MIRASIERRA;34370
2020;7;8;FUENCARRAL-EL PARDO;8005;LA PAZ;33389
2020;7;8;FUENCARRAL-EL PARDO;8004;EL PILAR;46664
2020;7;8;FUENCARRAL-EL PARDO;8008;EL GOLOSO;19151
2020;7;8;FUENCARRAL-EL PARDO;8002;FUENTELARREINA;3336
2020;7;8;FUENCARRAL-EL PARDO;8003;PEÑA GRANDE;44830
2020;7;8;FUENCARRAL-EL PARDO;8006;VALVERDE;64835
2020;8;8;FUENCARRAL-EL PARDO;8002;FUENTELARREINA;3353
2020;8;8;FUENCARRAL-EL PARDO;8005;LA PAZ;33322
2020;8;8;FUENCARRAL-EL PARDO;8003;PEÑA GRANDE;44783
2020;8;8;FUENCARRAL-EL PARDO;8001;EL PARDO;3472
2020;8;8;FUENCARRAL-EL PARDO;8006;VALVERDE;64838
2020;8;8;FUENCARRAL-EL PARDO;8007;MIRASIERRA;34358
2020;8;8;FUENCARRAL-EL PARDO;8008;EL GOLOSO;19139
2020;8;8;FUENCARRAL-EL PARDO;8004;EL PILAR;46591
2020;9;8;FUENCARRAL-EL PARDO;8007;MIRASIERRA;34410
2020;9;8;FUENCARRAL-EL PARDO;8006;VALVERDE;64625
2020;9;8;FUENCARRAL-EL PARDO;8002;FUENTELARREINA;3348
2020;9;8;FUENCARRAL-EL PARDO;8004;EL PILAR;46523
2020;9;8;FUENCARRAL-EL PARDO;8005;LA PAZ;33269
2020;9;8;FUENCARRAL-EL PARDO;8001;EL PARDO;3476
2020;9;8;FUENCARRAL-EL PARDO;8008;EL GOLOSO;19124
2020;9;8;FUENCARRAL-EL PARDO;8003;PEÑA GRANDE;44641
2020;10;8;FUENCARRAL-EL PARDO;8001;EL PARDO;3485
2020;10;8;FUENCARRAL-EL PARDO;8002;FUENTELARREINA;3361
2020;10;8;FUENCARRAL-EL PARDO;8003;PEÑA GRANDE;44593
2020;10;8;FUENCARRAL-EL PARDO;8004;EL PILAR;46469
2020;10;8;FUENCARRAL-EL PARDO;8005;LA PAZ;33269
2020;10;8;FUENCARRAL-EL PARDO;8007;MIRASIERRA;34490
2020;10;8;FUENCARRAL-EL PARDO;8008;EL GOLOSO;19126
2020;10;8;FUENCARRAL-EL PARDO;8006;VALVERDE;64617
2020;11;8;FUENCARRAL-EL PARDO;8007;MIRASIERRA;34574
2020;11;8;FUENCARRAL-EL PARDO;8002;FUENTELARREINA;3362
2020;11;8;FUENCARRAL-EL PARDO;8001;EL PARDO;3465
2020;11;8;FUENCARRAL-EL PARDO;8005;LA PAZ;33177
2020;11;8;FUENCARRAL-EL PARDO;8003;PEÑA GRANDE;44550
2020;11;8;FUENCARRAL-EL PARDO;8006;VALVERDE;64442
2020;11;8;FUENCARRAL-EL PARDO;8004;EL PILAR;46302
2020;11;8;FUENCARRAL-EL PARDO;8008;EL GOLOSO;19080
2020;12;8;FUENCARRAL-EL PARDO;8002;FUENTELARREINA;3373
2020;12;8;FUENCARRAL-EL PARDO;8006;VALVERDE;64336
2020;12;8;FUENCARRAL-EL PARDO;8008;EL GOLOSO;19020
2020;12;8;FUENCARRAL-EL PARDO;8005;LA PAZ;33145
2020;12;8;FUENCARRAL-EL PARDO;8007;MIRASIERRA;34633
2020;12;8;FUENCARRAL-EL PARDO;8004;EL PILAR;46182
2020;12;8;FUENCARRAL-EL PARDO;8001;EL PARDO;3463
2020;12;8;FUENCARRAL-EL PARDO;8003;PEÑA GRANDE;44532
2020;1;16;HORTALEZA;16005;APOSTOL SANTIAGO;15643
2020;1;16;HORTALEZA;16002;PIOVERA;14942
2020;1;16;HORTALEZA;16006;VALDEFUENTES;62376
2020;1;16;HORTALEZA;16001;PALOMAS;6884
2020;1;16;HORTALEZA;16004;PINAR DEL REY;53400
2020;1;16;HORTALEZA;16003;CANILLAS;40944
2020;2;16;HORTALEZA;16003;CANILLAS;41012
2020;2;16;HORTALEZA;16004;PINAR DEL REY;53463
2020;2;16;HORTALEZA;16002;PIOVERA;14902
2020;2;16;HORTALEZA;16006;VALDEFUENTES;62596
2020;2;16;HORTALEZA;16001;PALOMAS;6889
2020;2;16;HORTALEZA;16005;APOSTOL SANTIAGO;15613
2020;3;16;HORTALEZA;16001;PALOMAS;6901
2020;3;16;HORTALEZA;16004;PINAR DEL REY;53459
2020;3;16;HORTALEZA;16005;APOSTOL SANTIAGO;15602
2020;3;16;HORTALEZA;16006;VALDEFUENTES;62615
2020;3;16;HORTALEZA;16003;CANILLAS;41002
2020;3;16;HORTALEZA;16002;PIOVERA;14904
2020;4;16;HORTALEZA;16005;APOSTOL SANTIAGO;15579
2020;4;16;HORTALEZA;16003;CANILLAS;40963
2020;4;16;HORTALEZA;16001;PALOMAS;6893
2020;4;16;HORTALEZA;16004;PINAR DEL REY;53454
2020;4;16;HORTALEZA;16002;PIOVERA;14884
2020;4;16;HORTALEZA;16006;VALDEFUENTES;62726
2020;5;16;HORTALEZA;16002;PIOVERA;14899
2020;5;16;HORTALEZA;16001;PALOMAS;6894
2020;5;16;HORTALEZA;16004;PINAR DEL REY;53482
2020;5;16;HORTALEZA;16006;VALDEFUENTES;62943
2020;5;16;HORTALEZA;16005;APOSTOL SANTIAGO;15614
2020;5;16;HORTALEZA;16003;CANILLAS;41010
2020;6;16;HORTALEZA;16006;VALDEFUENTES;62912
2020;6;16;HORTALEZA;16002;PIOVERA;14823
2020;6;16;HORTALEZA;16005;APOSTOL SANTIAGO;15609
2020;6;16;HORTALEZA;16003;CANILLAS;40967
2020;6;16;HORTALEZA;16001;PALOMAS;6864
2020;6;16;HORTALEZA;16004;PINAR DEL REY;53339
2020;7;16;HORTALEZA;16004;PINAR DEL REY;53158
2020;7;16;HORTALEZA;16005;APOSTOL SANTIAGO;15572
2020;7;16;HORTALEZA;16002;PIOVERA;14825
2020;7;16;HORTALEZA;16006;VALDEFUENTES;62966
2020;7;16;HORTALEZA;16003;CANILLAS;40850
2020;7;16;HORTALEZA;16001;PALOMAS;6883
2020;8;16;HORTALEZA;16004;PINAR DEL REY;53126
2020;8;16;HORTALEZA;16006;VALDEFUENTES;63055
2020;8;16;HORTALEZA;16005;APOSTOL SANTIAGO;15566
2020;8;16;HORTALEZA;16003;CANILLAS;40779
2020;8;16;HORTALEZA;16002;PIOVERA;14807
2020;8;16;HORTALEZA;16001;PALOMAS;6883
2020;9;16;HORTALEZA;16006;VALDEFUENTES;63169
2020;9;16;HORTALEZA;16001;PALOMAS;6860
2020;9;16;HORTALEZA;16004;PINAR DEL REY;53023
2020;9;16;HORTALEZA;16005;APOSTOL SANTIAGO;15562
2020;9;16;HORTALEZA;16003;CANILLAS;40648
2020;9;16;HORTALEZA;16002;PIOVERA;14861
2020;10;16;HORTALEZA;16006;VALDEFUENTES;63264
2020;10;16;HORTALEZA;16004;PINAR DEL REY;52904
2020;10;16;HORTALEZA;16005;APOSTOL SANTIAGO;15537
2020;10;16;HORTALEZA;16002;PIOVERA;14851
2020;10;16;HORTALEZA;16001;PALOMAS;6897
2020;10;16;HORTALEZA;16003;CANILLAS;40560
2020;11;16;HORTALEZA;16004;PINAR DEL REY;52872
2020;11;16;HORTALEZA;16003;CANILLAS;40500
2020;11;16;HORTALEZA;16002;PIOVERA;14900
2020;11;16;HORTALEZA;16001;PALOMAS;6898
2020;11;16;HORTALEZA;16006;VALDEFUENTES;63390
2020;11;16;HORTALEZA;16005;APOSTOL SANTIAGO;15548
2020;12;16;HORTALEZA;16005;APOSTOL SANTIAGO;15538
2020;12;16;HORTALEZA;16006;VALDEFUENTES;63433
2020;12;16;HORTALEZA;16002;PIOVERA;14870
2020;12;16;HORTALEZA;16001;PALOMAS;6909
2020;12;16;HORTALEZA;16004;PINAR DEL REY;52729
2020;12;16;HORTALEZA;16003;CANILLAS;40431
2020;1;10;LATINA;10001;LOS CARMENES;17795
2020;1;10;LATINA;10003;LUCERO;36984
2020;1;10;LATINA;10004;ALUCHE;67746
2020;1;10;LATINA;10007;LAS AGUILAS;52182
2020;1;10;LATINA;10006;CUATRO VIENTOS;5909
2020;1;10;LATINA;10002;PUERTA DEL ANGEL;42512
2020;1;10;LATINA;10005;CAMPAMENTO;19956
2020;2;10;LATINA;10006;CUATRO VIENTOS;5916
2020;2;10;LATINA;10005;CAMPAMENTO;19987
2020;2;10;LATINA;10001;LOS CARMENES;17799
2020;2;10;LATINA;10002;PUERTA DEL ANGEL;42534
2020;2;10;LATINA;10003;LUCERO;37021
2020;2;10;LATINA;10004;ALUCHE;67902
2020;2;10;LATINA;10007;LAS AGUILAS;52220
2020;3;10;LATINA;10007;LAS AGUILAS;52189
2020;3;10;LATINA;10005;CAMPAMENTO;19955
2020;3;10;LATINA;10001;LOS CARMENES;17786
2020;3;10;LATINA;10006;CUATRO VIENTOS;5902
2020;3;10;LATINA;10003;LUCERO;37021
2020;3;10;LATINA;10002;PUERTA DEL ANGEL;42533
2020;3;10;LATINA;10004;ALUCHE;67946
2020;4;10;LATINA;10002;PUERTA DEL ANGEL;42491
2020;4;10;LATINA;10007;LAS AGUILAS;52126
2020;4;10;LATINA;10004;ALUCHE;67854
2020;4;10;LATINA;10005;CAMPAMENTO;19930
2020;4;10;LATINA;10001;LOS CARMENES;17758
2020;4;10;LATINA;10006;CUATRO VIENTOS;5890
2020;4;10;LATINA;10003;LUCERO;36934
2020;5;10;LATINA;10001;LOS CARMENES;17774
2020;5;10;LATINA;10007;LAS AGUILAS;52144
2020;5;10;LATINA;10006;CUATRO VIENTOS;5895
2020;5;10;LATINA;10003;LUCERO;36973
2020;5;10;LATINA;10005;CAMPAMENTO;19932
2020;5;10;LATINA;10004;ALUCHE;67909
2020;5;10;LATINA;10002;PUERTA DEL ANGEL;42537
2020;6;10;LATINA;10005;CAMPAMENTO;19858
2020;6;10;LATINA;10003;LUCERO;36854
2020;6;10;LATINA;10007;LAS AGUILAS;51960
2020;6;10;LATINA;10001;LOS CARMENES;17700
2020;6;10;LATINA;10004;ALUCHE;67623
2020;6;10;LATINA;10006;CUATRO VIENTOS;5901
2020;6;10;LATINA;10002;PUERTA DEL ANGEL;42318
2020;7;10;LATINA;10003;LUCERO;36857
2020;7;10;LATINA;10004;ALUCHE;67545
2020;7;10;LATINA;10001;LOS CARMENES;17709
2020;7;10;LATINA;10006;CUATRO VIENTOS;5905
2020;7;10;LATINA;10002;PUERTA DEL ANGEL;42300
2020;7;10;LATINA;10005;CAMPAMENTO;19788
2020;7;10;LATINA;10007;LAS AGUILAS;51926
2020;8;10;LATINA;10003;LUCERO;36856
2020;8;10;LATINA;10005;CAMPAMENTO;19745
2020;8;10;LATINA;10006;CUATRO VIENTOS;5915
2020;8;10;LATINA;10001;LOS CARMENES;17765
2020;8;10;LATINA;10004;ALUCHE;67548
2020;8;10;LATINA;10007;LAS AGUILAS;51892
2020;8;10;LATINA;10002;PUERTA DEL ANGEL;42276
2020;9;10;LATINA;10007;LAS AGUILAS;51826
2020;9;10;LATINA;10005;CAMPAMENTO;19622
2020;9;10;LATINA;10004;ALUCHE;67359
2020;9;10;LATINA;10001;LOS CARMENES;17724
2020;9;10;LATINA;10002;PUERTA DEL ANGEL;42255
2020;9;10;LATINA;10003;LUCERO;36768
2020;9;10;LATINA;10006;CUATRO VIENTOS;5930
2020;10;10;LATINA;10003;LUCERO;36771
2020;10;10;LATINA;10007;LAS AGUILAS;51787
2020;10;10;LATINA;10004;ALUCHE;67416
2020;10;10;LATINA;10005;CAMPAMENTO;19707
2020;10;10;LATINA;10006;CUATRO VIENTOS;5925
2020;10;10;LATINA;10002;PUERTA DEL ANGEL;42271
2020;10;10;LATINA;10001;LOS CARMENES;17712
2020;11;10;LATINA;10002;PUERTA DEL ANGEL;42228
2020;11;10;LATINA;10003;LUCERO;36763
2020;11;10;LATINA;10005;CAMPAMENTO;19697
2020;11;10;LATINA;10001;LOS CARMENES;17688
2020;11;10;LATINA;10007;LAS AGUILAS;51733
2020;11;10;LATINA;10006;CUATRO VIENTOS;5918
2020;11;10;LATINA;10004;ALUCHE;67390
2020;12;10;LATINA;10004;ALUCHE;67328
2020;12;10;LATINA;10007;LAS AGUILAS;51625
2020;12;10;LATINA;10001;LOS CARMENES;17655
2020;12;10;LATINA;10002;PUERTA DEL ANGEL;42222
2020;12;10;LATINA;10006;CUATRO VIENTOS;5909
2020;12;10;LATINA;10005;CAMPAMENTO;19669
2020;12;10;LATINA;10003;LUCERO;36736
2020;1;9;MONCLOA-ARAVACA;9005;VALDEMARIN;6963
2020;1;9;MONCLOA-ARAVACA;9001;CASA DE CAMPO;13239
2020;1;9;MONCLOA-ARAVACA;9006;EL PLANTIO;2830
2020;1;9;MONCLOA-ARAVACA;9002;ARGUELLES;24556
2020;1;9;MONCLOA-ARAVACA;9007;ARAVACA;27602
2020;1;9;MONCLOA-ARAVACA;9004;VALDEZARZA;30590
2020;1;9;MONCLOA-ARAVACA;9003;CIUDAD UNIVERSITARIA;16394
2020;2;9;MONCLOA-ARAVACA;9007;ARAVACA;27672
2020;2;9;MONCLOA-ARAVACA;9005;VALDEMARIN;6994
2020;2;9;MONCLOA-ARAVACA;9001;CASA DE CAMPO;13268
2020;2;9;MONCLOA-ARAVACA;9006;EL PLANTIO;2835
2020;2;9;MONCLOA-ARAVACA;9003;CIUDAD UNIVERSITARIA;16392
2020;2;9;MONCLOA-ARAVACA;9002;ARGUELLES;24576
2020;2;9;MONCLOA-ARAVACA;9004;VALDEZARZA;30608
2020;3;9;MONCLOA-ARAVACA;9001;CASA DE CAMPO;13248
2020;3;9;MONCLOA-ARAVACA;9007;ARAVACA;27664
2020;3;9;MONCLOA-ARAVACA;9004;VALDEZARZA;30586
2020;3;9;MONCLOA-ARAVACA;9006;EL PLANTIO;2841
2020;3;9;MONCLOA-ARAVACA;9003;CIUDAD UNIVERSITARIA;16362
2020;3;9;MONCLOA-ARAVACA;9005;VALDEMARIN;6961
2020;3;9;MONCLOA-ARAVACA;9002;ARGUELLES;24552
2020;4;9;MONCLOA-ARAVACA;9003;CIUDAD UNIVERSITARIA;16341
2020;4;9;MONCLOA-ARAVACA;9007;ARAVACA;27642
2020;4;9;MONCLOA-ARAVACA;9006;EL PLANTIO;2837
2020;4;9;MONCLOA-ARAVACA;9005;VALDEMARIN;6951
2020;4;9;MONCLOA-ARAVACA;9001;CASA DE CAMPO;13218
2020;4;9;MONCLOA-ARAVACA;9004;VALDEZARZA;30565
2020;4;9;MONCLOA-ARAVACA;9002;ARGUELLES;24489
2020;5;9;MONCLOA-ARAVACA;9004;VALDEZARZA;30595
2020;5;9;MONCLOA-ARAVACA;9002;ARGUELLES;24536
2020;5;9;MONCLOA-ARAVACA;9007;ARAVACA;27655
2020;5;9;MONCLOA-ARAVACA;9005;VALDEMARIN;6967
2020;5;9;MONCLOA-ARAVACA;9003;CIUDAD UNIVERSITARIA;16349
2020;5;9;MONCLOA-ARAVACA;9006;EL PLANTIO;2856
2020;5;9;MONCLOA-ARAVACA;9001;CASA DE CAMPO;13219
2020;6;9;MONCLOA-ARAVACA;9007;ARAVACA;27599
2020;6;9;MONCLOA-ARAVACA;9002;ARGUELLES;24465
2020;6;9;MONCLOA-ARAVACA;9003;CIUDAD UNIVERSITARIA;16280
2020;6;9;MONCLOA-ARAVACA;9001;CASA DE CAMPO;13205
2020;6;9;MONCLOA-ARAVACA;9005;VALDEMARIN;6933
2020;6;9;MONCLOA-ARAVACA;9006;EL PLANTIO;2844
2020;6;9;MONCLOA-ARAVACA;9004;VALDEZARZA;30514
2020;7;9;MONCLOA-ARAVACA;9002;ARGUELLES;24369
2020;7;9;MONCLOA-ARAVACA;9003;CIUDAD UNIVERSITARIA;16195
2020;7;9;MONCLOA-ARAVACA;9001;CASA DE CAMPO;13190
2020;7;9;MONCLOA-ARAVACA;9005;VALDEMARIN;6901
2020;7;9;MONCLOA-ARAVACA;9007;ARAVACA;27582
2020;7;9;MONCLOA-ARAVACA;9006;EL PLANTIO;2847
2020;7;9;MONCLOA-ARAVACA;9004;VALDEZARZA;30508
2020;8;9;MONCLOA-ARAVACA;9007;ARAVACA;27556
2020;8;9;MONCLOA-ARAVACA;9002;ARGUELLES;24325
2020;8;9;MONCLOA-ARAVACA;9006;EL PLANTIO;2840
2020;8;9;MONCLOA-ARAVACA;9005;VALDEMARIN;6892
2020;8;9;MONCLOA-ARAVACA;9001;CASA DE CAMPO;13180
2020;8;9;MONCLOA-ARAVACA;9004;VALDEZARZA;30476
2020;8;9;MONCLOA-ARAVACA;9003;CIUDAD UNIVERSITARIA;16180
2020;9;9;MONCLOA-ARAVACA;9004;VALDEZARZA;30395
2020;9;9;MONCLOA-ARAVACA;9005;VALDEMARIN;6887
2020;9;9;MONCLOA-ARAVACA;9002;ARGUELLES;24315
2020;9;9;MONCLOA-ARAVACA;9007;ARAVACA;27551
2020;9;9;MONCLOA-ARAVACA;9001;CASA DE CAMPO;13162
2020;9;9;MONCLOA-ARAVACA;9003;CIUDAD UNIVERSITARIA;16235
2020;9;9;MONCLOA-ARAVACA;9006;EL PLANTIO;2856
2020;10;9;MONCLOA-ARAVACA;9002;ARGUELLES;24388
2020;10;9;MONCLOA-ARAVACA;9003;CIUDAD UNIVERSITARIA;16238
2020;10;9;MONCLOA-ARAVACA;9006;EL PLANTIO;2884
2020;10;9;MONCLOA-ARAVACA;9001;CASA DE CAMPO;13169
2020;10;9;MONCLOA-ARAVACA;9004;VALDEZARZA;30311
2020;10;9;MONCLOA-ARAVACA;9007;ARAVACA;27665
2020;10;9;MONCLOA-ARAVACA;9005;VALDEMARIN;6895
2020;11;9;MONCLOA-ARAVACA;9007;ARAVACA;27650
2020;11;9;MONCLOA-ARAVACA;9002;ARGUELLES;24318
2020;11;9;MONCLOA-ARAVACA;9003;CIUDAD UNIVERSITARIA;16237
2020;11;9;MONCLOA-ARAVACA;9005;VALDEMARIN;6903
2020;11;9;MONCLOA-ARAVACA;9004;VALDEZARZA;30288
2020;11;9;MONCLOA-ARAVACA;9001;CASA DE CAMPO;13180
2020;11;9;MONCLOA-ARAVACA;9006;EL PLANTIO;2903
2020;12;9;MONCLOA-ARAVACA;9004;VALDEZARZA;30223
2020;12;9;MONCLOA-ARAVACA;9005;VALDEMARIN;6888
2020;12;9;MONCLOA-ARAVACA;9002;ARGUELLES;24315
2020;12;9;MONCLOA-ARAVACA;9007;ARAVACA;27647
2020;12;9;MONCLOA-ARAVACA;9006;EL PLANTIO;2911
2020;12;9;MONCLOA-ARAVACA;9001;CASA DE CAMPO;13150
2020;12;9;MONCLOA-ARAVACA;9003;CIUDAD UNIVERSITARIA;16234
2020;1;14;MORATALAZ;14002;HORCAJO;6453
2020;1;14;MORATALAZ;14005;FONTARRON;17611
2020;1;14;MORATALAZ;14003;MARROQUINA;27297
2020;1;14;MORATALAZ;14004;MEDIA LEGUA;17967
2020;1;14;MORATALAZ;14001;PAVONES;9197
2020;1;14;MORATALAZ;14006;VINATEROS;17203
2020;2;14;MORATALAZ;14006;VINATEROS;17225
2020;2;14;MORATALAZ;14005;FONTARRON;17652
2020;2;14;MORATALAZ;14003;MARROQUINA;27283
2020;2;14;MORATALAZ;14001;PAVONES;9191
2020;2;14;MORATALAZ;14002;HORCAJO;6460
2020;2;14;MORATALAZ;14004;MEDIA LEGUA;17977
2020;3;14;MORATALAZ;14002;HORCAJO;6453
2020;3;14;MORATALAZ;14003;MARROQUINA;27221
2020;3;14;MORATALAZ;14005;FONTARRON;17658
2020;3;14;MORATALAZ;14004;MEDIA LEGUA;18005
2020;3;14;MORATALAZ;14006;VINATEROS;17235
2020;3;14;MORATALAZ;14001;PAVONES;9196
2020;4;14;MORATALAZ;14002;HORCAJO;6453
2020;4;14;MORATALAZ;14006;VINATEROS;17195
2020;4;14;MORATALAZ;14004;MEDIA LEGUA;17966
2020;4;14;MORATALAZ;14005;FONTARRON;17634
2020;4;14;MORATALAZ;14001;PAVONES;9164
2020;4;14;MORATALAZ;14003;MARROQUINA;27180
2020;5;14;MORATALAZ;14002;HORCAJO;6464
2020;5;14;MORATALAZ;14001;PAVONES;9175
2020;5;14;MORATALAZ;14003;MARROQUINA;27191
2020;5;14;MORATALAZ;14006;VINATEROS;17226
2020;5;14;MORATALAZ;14004;MEDIA LEGUA;17986
2020;5;14;MORATALAZ;14005;FONTARRON;17622
2020;6;14;MORATALAZ;14002;HORCAJO;6433
2020;6;14;MORATALAZ;14005;FONTARRON;17573
2020;6;14;MORATALAZ;14006;VINATEROS;17169
2020;6;14;MORATALAZ;14004;MEDIA LEGUA;17920
2020;6;14;MORATALAZ;14003;MARROQUINA;27141
2020;6;14;MORATALAZ;14001;PAVONES;9139
2020;7;14;MORATALAZ;14001;PAVONES;9106
2020;7;14;MORATALAZ;14006;VINATEROS;17128
2020;7;14;MORATALAZ;14003;MARROQUINA;27037
2020;7;14;MORATALAZ;14002;HORCAJO;6417
2020;7;14;MORATALAZ;14004;MEDIA LEGUA;17888
2020;7;14;MORATALAZ;14005;FONTARRON;17532
2020;8;14;MORATALAZ;14002;HORCAJO;6415
2020;8;14;MORATALAZ;14005;FONTARRON;17502
2020;8;14;MORATALAZ;14001;PAVONES;9086
2020;8;14;MORATALAZ;14004;MEDIA LEGUA;17896
2020;8;14;MORATALAZ;14006;VINATEROS;17086
2020;8;14;MORATALAZ;14003;MARROQUINA;27000
2020;9;14;MORATALAZ;14006;VINATEROS;17010
2020;9;14;MORATALAZ;14005;FONTARRON;17466
2020;9;14;MORATALAZ;14002;HORCAJO;6429
2020;9;14;MORATALAZ;14004;MEDIA LEGUA;17850
2020;9;14;MORATALAZ;14003;MARROQUINA;26950
2020;9;14;MORATALAZ;14001;PAVONES;9080
2020;10;14;MORATALAZ;14002;HORCAJO;6421
2020;10;14;MORATALAZ;14004;MEDIA LEGUA;17820
2020;10;14;MORATALAZ;14003;MARROQUINA;26929
2020;10;14;MORATALAZ;14006;VINATEROS;16996
2020;10;14;MORATALAZ;14001;PAVONES;9062
2020;10;14;MORATALAZ;14005;FONTARRON;17468
2020;11;14;MORATALAZ;14005;FONTARRON;17418
2020;11;14;MORATALAZ;14004;MEDIA LEGUA;17789
2020;11;14;MORATALAZ;14001;PAVONES;9007
2020;11;14;MORATALAZ;14002;HORCAJO;6416
2020;11;14;MORATALAZ;14006;VINATEROS;16965
2020;11;14;MORATALAZ;14003;MARROQUINA;26867
2020;12;14;MORATALAZ;14001;PAVONES;8997
2020;12;14;MORATALAZ;14006;VINATEROS;16928
2020;12;14;MORATALAZ;14003;MARROQUINA;26786
2020;12;14;MORATALAZ;14004;MEDIA LEGUA;17724
2020;12;14;MORATALAZ;14002;HORCAJO;6396
2020;12;14;MORATALAZ;14005;FONTARRON;17372
2020;1;13;PUENTE DE VALLECAS;13004;PALOMERAS SURESTE;43349
2020;1;13;PUENTE DE VALLECAS;13002;SAN DIEGO;44118
2020;1;13;PUENTE DE VALLECAS;13003;PALOMERAS BAJAS;41034
2020;1;13;PUENTE DE VALLECAS;13006;NUMANCIA;48697
2020;1;13;PUENTE DE VALLECAS;13001;ENTREVIAS;35668
2020;1;13;PUENTE DE VALLECAS;13005;PORTAZGO;29094
2020;2;13;PUENTE DE VALLECAS;13005;PORTAZGO;29117
2020;2;13;PUENTE DE VALLECAS;13004;PALOMERAS SURESTE;43481
2020;2;13;PUENTE DE VALLECAS;13006;NUMANCIA;48815
2020;2;13;PUENTE DE VALLECAS;13002;SAN DIEGO;44328
2020;2;13;PUENTE DE VALLECAS;13003;PALOMERAS BAJAS;41106
2020;2;13;PUENTE DE VALLECAS;13001;ENTREVIAS;35822
2020;3;13;PUENTE DE VALLECAS;13001;ENTREVIAS;35773
2020;3;13;PUENTE DE VALLECAS;13003;PALOMERAS BAJAS;41119
2020;3;13;PUENTE DE VALLECAS;13002;SAN DIEGO;44381
2020;3;13;PUENTE DE VALLECAS;13004;PALOMERAS SURESTE;43548
2020;3;13;PUENTE DE VALLECAS;13005;PORTAZGO;29071
2020;3;13;PUENTE DE VALLECAS;13006;NUMANCIA;48834
2020;4;13;PUENTE DE VALLECAS;13003;PALOMERAS BAJAS;41087
2020;4;13;PUENTE DE VALLECAS;13005;PORTAZGO;29033
2020;4;13;PUENTE DE VALLECAS;13002;SAN DIEGO;44324
2020;4;13;PUENTE DE VALLECAS;13001;ENTREVIAS;35733
2020;4;13;PUENTE DE VALLECAS;13004;PALOMERAS SURESTE;43498
2020;4;13;PUENTE DE VALLECAS;13006;NUMANCIA;48725
2020;5;13;PUENTE DE VALLECAS;13004;PALOMERAS SURESTE;43555
2020;5;13;PUENTE DE VALLECAS;13005;PORTAZGO;29073
2020;5;13;PUENTE DE VALLECAS;13002;SAN DIEGO;44412
2020;5;13;PUENTE DE VALLECAS;13003;PALOMERAS BAJAS;41070
2020;5;13;PUENTE DE VALLECAS;13001;ENTREVIAS;35793
2020;5;13;PUENTE DE VALLECAS;13006;NUMANCIA;48797
2020;6;13;PUENTE DE VALLECAS;13002;SAN DIEGO;44172
2020;6;13;PUENTE DE VALLECAS;13003;PALOMERAS BAJAS;40950
2020;6;13;PUENTE DE VALLECAS;13004;PALOMERAS SURESTE;43484
2020;6;13;PUENTE DE VALLECAS;13005;PORTAZGO;29007
2020;6;13;PUENTE DE VALLECAS;13006;NUMANCIA;48617
2020;6;13;PUENTE DE VALLECAS;13001;ENTREVIAS;35664
2020;7;13;PUENTE DE VALLECAS;13001;ENTREVIAS;35588
2020;7;13;PUENTE DE VALLECAS;13006;NUMANCIA;48595
2020;7;13;PUENTE DE VALLECAS;13003;PALOMERAS BAJAS;40830
2020;7;13;PUENTE DE VALLECAS;13004;PALOMERAS SURESTE;43355
2020;7;13;PUENTE DE VALLECAS;13002;SAN DIEGO;44123
2020;7;13;PUENTE DE VALLECAS;13005;PORTAZGO;28947
2020;8;13;PUENTE DE VALLECAS;13002;SAN DIEGO;44151
2020;8;13;PUENTE DE VALLECAS;13001;ENTREVIAS;35588
2020;8;13;PUENTE DE VALLECAS;13003;PALOMERAS BAJAS;40838
2020;8;13;PUENTE DE VALLECAS;13006;NUMANCIA;48624
2020;8;13;PUENTE DE VALLECAS;13005;PORTAZGO;28894
2020;8;13;PUENTE DE VALLECAS;13004;PALOMERAS SURESTE;43332
2020;9;13;PUENTE DE VALLECAS;13006;NUMANCIA;48464
2020;9;13;PUENTE DE VALLECAS;13002;SAN DIEGO;43963
2020;9;13;PUENTE DE VALLECAS;13001;ENTREVIAS;35486
2020;9;13;PUENTE DE VALLECAS;13004;PALOMERAS SURESTE;43205
2020;9;13;PUENTE DE VALLECAS;13003;PALOMERAS BAJAS;40762
2020;9;13;PUENTE DE VALLECAS;13005;PORTAZGO;28857
2020;10;13;PUENTE DE VALLECAS;13001;ENTREVIAS;35465
2020;10;13;PUENTE DE VALLECAS;13005;PORTAZGO;28868
2020;10;13;PUENTE DE VALLECAS;13006;NUMANCIA;48473
2020;10;13;PUENTE DE VALLECAS;13002;SAN DIEGO;43898
2020;10;13;PUENTE DE VALLECAS;13004;PALOMERAS SURESTE;43216
2020;10;13;PUENTE DE VALLECAS;13003;PALOMERAS BAJAS;40697
2020;11;13;PUENTE DE VALLECAS;13004;PALOMERAS SURESTE;43124
2020;11;13;PUENTE DE VALLECAS;13002;SAN DIEGO;43919
2020;11;13;PUENTE DE VALLECAS;13006;NUMANCIA;48422
2020;11;13;PUENTE DE VALLECAS;13001;ENTREVIAS;35446
2020;11;13;PUENTE DE VALLECAS;13005;PORTAZGO;28882
2020;11;13;PUENTE DE VALLECAS;13003;PALOMERAS BAJAS;40647
2020;12;13;PUENTE DE VALLECAS;13006;NUMANCIA;48337
2020;12;13;PUENTE DE VALLECAS;13005;PORTAZGO;28849
2020;12;13;PUENTE DE VALLECAS;13003;PALOMERAS BAJAS;40616
2020;12;13;PUENTE DE VALLECAS;13004;PALOMERAS SURESTE;43064
2020;12;13;PUENTE DE VALLECAS;13002;SAN DIEGO;43815
2020;12;13;PUENTE DE VALLECAS;13001;ENTREVIAS;35386
2020;1;3;RETIRO;3003;ESTRELLA;23504
2020;1;3;RETIRO;3005;LOS JERONIMOS;7044
2020;1;3;RETIRO;3002;ADELFAS;18886
2020;1;3;RETIRO;3001;PACIFICO;33879
2020;1;3;RETIRO;3004;IBIZA;22050
2020;1;3;RETIRO;3006;NIÑO JESUS;15493
2020;2;3;RETIRO;3001;PACIFICO;33895
2020;2;3;RETIRO;3006;NIÑO JESUS;15508
2020;2;3;RETIRO;3004;IBIZA;22045
2020;2;3;RETIRO;3002;ADELFAS;18867
2020;2;3;RETIRO;3005;LOS JERONIMOS;7048
2020;2;3;RETIRO;3003;ESTRELLA;23474
2020;3;3;RETIRO;3001;PACIFICO;33830
2020;3;3;RETIRO;3002;ADELFAS;18861
2020;3;3;RETIRO;3005;LOS JERONIMOS;7040
2020;3;3;RETIRO;3006;NIÑO JESUS;15504
2020;3;3;RETIRO;3003;ESTRELLA;23457
2020;3;3;RETIRO;3004;IBIZA;22067
2020;4;3;RETIRO;3006;NIÑO JESUS;15482
2020;4;3;RETIRO;3001;PACIFICO;33766
2020;4;3;RETIRO;3002;ADELFAS;18855
2020;4;3;RETIRO;3003;ESTRELLA;23427
2020;4;3;RETIRO;3004;IBIZA;22042
2020;4;3;RETIRO;3005;LOS JERONIMOS;7017
2020;5;3;RETIRO;3004;IBIZA;22046
2020;5;3;RETIRO;3003;ESTRELLA;23455
2020;5;3;RETIRO;3001;PACIFICO;33793
2020;5;3;RETIRO;3006;NIÑO JESUS;15484
2020;5;3;RETIRO;3005;LOS JERONIMOS;7008
2020;5;3;RETIRO;3002;ADELFAS;18883
2020;6;3;RETIRO;3001;PACIFICO;33653
2020;6;3;RETIRO;3005;LOS JERONIMOS;6983
2020;6;3;RETIRO;3004;IBIZA;21903
2020;6;3;RETIRO;3002;ADELFAS;18827
2020;6;3;RETIRO;3006;NIÑO JESUS;15474
2020;6;3;RETIRO;3003;ESTRELLA;23398
2020;7;3;RETIRO;3006;NIÑO JESUS;15418
2020;7;3;RETIRO;3002;ADELFAS;18804
2020;7;3;RETIRO;3001;PACIFICO;33554
2020;7;3;RETIRO;3004;IBIZA;21820
2020;7;3;RETIRO;3005;LOS JERONIMOS;6989
2020;7;3;RETIRO;3003;ESTRELLA;23385
2020;8;3;RETIRO;3001;PACIFICO;33522
2020;8;3;RETIRO;3004;IBIZA;21815
2020;8;3;RETIRO;3006;NIÑO JESUS;15382
2020;8;3;RETIRO;3005;LOS JERONIMOS;7001
2020;8;3;RETIRO;3002;ADELFAS;18757
2020;8;3;RETIRO;3003;ESTRELLA;23341
2020;9;3;RETIRO;3001;PACIFICO;33478
2020;9;3;RETIRO;3005;LOS JERONIMOS;6993
2020;9;3;RETIRO;3004;IBIZA;21757
2020;9;3;RETIRO;3003;ESTRELLA;23336
2020;9;3;RETIRO;3002;ADELFAS;18739
2020;9;3;RETIRO;3006;NIÑO JESUS;15340
2020;10;3;RETIRO;3002;ADELFAS;18764
2020;10;3;RETIRO;3003;ESTRELLA;23305
2020;10;3;RETIRO;3005;LOS JERONIMOS;7003
2020;10;3;RETIRO;3001;PACIFICO;33411
2020;10;3;RETIRO;3006;NIÑO JESUS;15346
2020;10;3;RETIRO;3004;IBIZA;21805
2020;11;3;RETIRO;3005;LOS JERONIMOS;6960
2020;11;3;RETIRO;3004;IBIZA;21713
2020;11;3;RETIRO;3002;ADELFAS;18745
2020;11;3;RETIRO;3003;ESTRELLA;23202
2020;11;3;RETIRO;3001;PACIFICO;33337
2020;11;3;RETIRO;3006;NIÑO JESUS;15327
2020;12;3;RETIRO;3003;ESTRELLA;23134
2020;12;3;RETIRO;3006;NIÑO JESUS;15361
2020;12;3;RETIRO;3001;PACIFICO;33226
2020;12;3;RETIRO;3004;IBIZA;21685
2020;12;3;RETIRO;3002;ADELFAS;18719
2020;12;3;RETIRO;3005;LOS JERONIMOS;6967
2020;1;4;SALAMANCA;4001;RECOLETOS;15853
2020;1;4;SALAMANCA;4002;GOYA;30050
2020;1;4;SALAMANCA;4003;FUENTE DEL BERRO;21303
2020;1;4;SALAMANCA;4004;GUINDALERA;42445
2020;1;4;SALAMANCA;4006;CASTELLANA;17330
2020;1;4;SALAMANCA;4005;LISTA;21283
2020;2;4;SALAMANCA;4004;GUINDALERA;42516
2020;2;4;SALAMANCA;4006;CASTELLANA;17337
2020;2;4;SALAMANCA;4005;LISTA;21362
2020;2;4;SALAMANCA;4003;FUENTE DEL BERRO;21341
2020;2;4;SALAMANCA;4002;GOYA;30010
2020;2;4;SALAMANCA;4001;RECOLETOS;15825
2020;3;4;SALAMANCA;4004;GUINDALERA;42499
2020;3;4;SALAMANCA;4002;GOYA;29986
2020;3;4;SALAMANCA;4001;RECOLETOS;15828
2020;3;4;SALAMANCA;4005;LISTA;21336
2020;3;4;SALAMANCA;4003;FUENTE DEL BERRO;21344
2020;3;4;SALAMANCA;4006;CASTELLANA;17312
2020;4;4;SALAMANCA;4004;GUINDALERA;42464
2020;4;4;SALAMANCA;4005;LISTA;21291
2020;4;4;SALAMANCA;4006;CASTELLANA;17297
2020;4;4;SALAMANCA;4002;GOYA;29950
2020;4;4;SALAMANCA;4001;RECOLETOS;15812
2020;4;4;SALAMANCA;4003;FUENTE DEL BERRO;21311
2020;5;4;SALAMANCA;4004;GUINDALERA;42478
2020;5;4;SALAMANCA;4005;LISTA;21317
2020;5;4;SALAMANCA;4001;RECOLETOS;15832
2020;5;4;SALAMANCA;4006;CASTELLANA;17289
2020;5;4;SALAMANCA;4003;FUENTE DEL BERRO;21318
2020;5;4;SALAMANCA;4002;GOYA;29925
2020;6;4;SALAMANCA;4004;GUINDALERA;42298
2020;6;4;SALAMANCA;4001;RECOLETOS;15736
2020;6;4;SALAMANCA;4006;CASTELLANA;17168
2020;6;4;SALAMANCA;4002;GOYA;29781
2020;6;4;SALAMANCA;4003;FUENTE DEL BERRO;21212
2020;6;4;SALAMANCA;4005;LISTA;21154
2020;7;4;SALAMANCA;4001;RECOLETOS;15714
2020;7;4;SALAMANCA;4005;LISTA;21105
2020;7;4;SALAMANCA;4002;GOYA;29716
2020;7;4;SALAMANCA;4003;FUENTE DEL BERRO;21135
2020;7;4;SALAMANCA;4006;CASTELLANA;17161
2020;7;4;SALAMANCA;4004;GUINDALERA;42216
2020;8;4;SALAMANCA;4003;FUENTE DEL BERRO;21142
2020;8;4;SALAMANCA;4004;GUINDALERA;42201
2020;8;4;SALAMANCA;4006;CASTELLANA;17171
2020;8;4;SALAMANCA;4002;GOYA;29641
2020;8;4;SALAMANCA;4001;RECOLETOS;15708
2020;8;4;SALAMANCA;4005;LISTA;21083
2020;9;4;SALAMANCA;4006;CASTELLANA;17155
2020;9;4;SALAMANCA;4002;GOYA;29551
2020;9;4;SALAMANCA;4004;GUINDALERA;42158
2020;9;4;SALAMANCA;4001;RECOLETOS;15681
2020;9;4;SALAMANCA;4003;FUENTE DEL BERRO;21125
2020;9;4;SALAMANCA;4005;LISTA;20956
2020;10;4;SALAMANCA;4006;CASTELLANA;17209
2020;10;4;SALAMANCA;4001;RECOLETOS;15724
2020;10;4;SALAMANCA;4004;GUINDALERA;42159
2020;10;4;SALAMANCA;4002;GOYA;29620
2020;10;4;SALAMANCA;4003;FUENTE DEL BERRO;21102
2020;10;4;SALAMANCA;4005;LISTA;21006
2020;11;4;SALAMANCA;4003;FUENTE DEL BERRO;21082
2020;11;4;SALAMANCA;4005;LISTA;21009
2020;11;4;SALAMANCA;4004;GUINDALERA;42124
2020;11;4;SALAMANCA;4006;CASTELLANA;17231
2020;11;4;SALAMANCA;4002;GOYA;29606
2020;11;4;SALAMANCA;4001;RECOLETOS;15727
2020;12;4;SALAMANCA;4004;GUINDALERA;42126
2020;12;4;SALAMANCA;4002;GOYA;29603
2020;12;4;SALAMANCA;4001;RECOLETOS;15702
2020;12;4;SALAMANCA;4006;CASTELLANA;17197
2020;12;4;SALAMANCA;4005;LISTA;20984
2020;12;4;SALAMANCA;4003;FUENTE DEL BERRO;21055
2020;1;20;SAN BLAS-CANILLEJAS;20005;ROSAS;31903
2020;1;20;SAN BLAS-CANILLEJAS;20007;CANILLEJAS;29171
2020;1;20;SAN BLAS-CANILLEJAS;20004;ARCOS;24855
2020;1;20;SAN BLAS-CANILLEJAS;20008;EL SALVADOR;11516
2020;1;20;SAN BLAS-CANILLEJAS;20006;REJAS;17328
2020;1;20;SAN BLAS-CANILLEJAS;20002;HELLIN;9375
2020;1;20;SAN BLAS-CANILLEJAS;20003;AMPOSTA;8940
2020;1;20;SAN BLAS-CANILLEJAS;20001;SIMANCAS;28799
2020;2;20;SAN BLAS-CANILLEJAS;20003;AMPOSTA;8971
2020;2;20;SAN BLAS-CANILLEJAS;20006;REJAS;17382
2020;2;20;SAN BLAS-CANILLEJAS;20002;HELLIN;9403
2020;2;20;SAN BLAS-CANILLEJAS;20005;ROSAS;31953
2020;2;20;SAN BLAS-CANILLEJAS;20007;CANILLEJAS;29288
2020;2;20;SAN BLAS-CANILLEJAS;20001;SIMANCAS;28865
2020;2;20;SAN BLAS-CANILLEJAS;20004;ARCOS;24902
2020;2;20;SAN BLAS-CANILLEJAS;20008;EL SALVADOR;11475
2020;3;20;SAN BLAS-CANILLEJAS;20005;ROSAS;31922
2020;3;20;SAN BLAS-CANILLEJAS;20003;AMPOSTA;8965
2020;3;20;SAN BLAS-CANILLEJAS;20001;SIMANCAS;28817
2020;3;20;SAN BLAS-CANILLEJAS;20008;EL SALVADOR;11453
2020;3;20;SAN BLAS-CANILLEJAS;20004;ARCOS;24902
2020;3;20;SAN BLAS-CANILLEJAS;20006;REJAS;17375
2020;3;20;SAN BLAS-CANILLEJAS;20007;CANILLEJAS;29266
2020;3;20;SAN BLAS-CANILLEJAS;20002;HELLIN;9380
2020;4;20;SAN BLAS-CANILLEJAS;20007;CANILLEJAS;29235
2020;4;20;SAN BLAS-CANILLEJAS;20004;ARCOS;24864
2020;4;20;SAN BLAS-CANILLEJAS;20008;EL SALVADOR;11447
2020;4;20;SAN BLAS-CANILLEJAS;20001;SIMANCAS;28775
2020;4;20;SAN BLAS-CANILLEJAS;20006;REJAS;17378
2020;4;20;SAN BLAS-CANILLEJAS;20002;HELLIN;9371
2020;4;20;SAN BLAS-CANILLEJAS;20005;ROSAS;31892
2020;4;20;SAN BLAS-CANILLEJAS;20003;AMPOSTA;8950
2020;5;20;SAN BLAS-CANILLEJAS;20002;HELLIN;9387
2020;5;20;SAN BLAS-CANILLEJAS;20004;ARCOS;24873
2020;5;20;SAN BLAS-CANILLEJAS;20003;AMPOSTA;8973
2020;5;20;SAN BLAS-CANILLEJAS;20001;SIMANCAS;28805
2020;5;20;SAN BLAS-CANILLEJAS;20006;REJAS;17398
2020;5;20;SAN BLAS-CANILLEJAS;20007;CANILLEJAS;29262
2020;5;20;SAN BLAS-CANILLEJAS;20005;ROSAS;31916
2020;5;20;SAN BLAS-CANILLEJAS;20008;EL SALVADOR;11441
2020;6;20;SAN BLAS-CANILLEJAS;20002;HELLIN;9378
2020;6;20;SAN BLAS-CANILLEJAS;20001;SIMANCAS;28716
2020;6;20;SAN BLAS-CANILLEJAS;20003;AMPOSTA;8921
2020;6;20;SAN BLAS-CANILLEJAS;20004;ARCOS;24800
2020;6;20;SAN BLAS-CANILLEJAS;20006;REJAS;17363
2020;6;20;SAN BLAS-CANILLEJAS;20005;ROSAS;31897
2020;6;20;SAN BLAS-CANILLEJAS;20007;CANILLEJAS;29216
2020;6;20;SAN BLAS-CANILLEJAS;20008;EL SALVADOR;11402
2020;7;20;SAN BLAS-CANILLEJAS;20006;REJAS;17323
2020;7;20;SAN BLAS-CANILLEJAS;20005;ROSAS;31858
2020;7;20;SAN BLAS-CANILLEJAS;20007;CANILLEJAS;29162
2020;7;20;SAN BLAS-CANILLEJAS;20004;ARCOS;24698
2020;7;20;SAN BLAS-CANILLEJAS;20003;AMPOSTA;8932
2020;7;20;SAN BLAS-CANILLEJAS;20008;EL SALVADOR;11404
2020;7;20;SAN BLAS-CANILLEJAS;20002;HELLIN;9360
2020;7;20;SAN BLAS-CANILLEJAS;20001;SIMANCAS;28703
2020;8;20;SAN BLAS-CANILLEJAS;20003;AMPOSTA;8932
2020;8;20;SAN BLAS-CANILLEJAS;20002;HELLIN;9355
2020;8;20;SAN BLAS-CANILLEJAS;20005;ROSAS;31813
2020;8;20;SAN BLAS-CANILLEJAS;20004;ARCOS;24651
2020;8;20;SAN BLAS-CANILLEJAS;20001;SIMANCAS;28732
2020;8;20;SAN BLAS-CANILLEJAS;20008;EL SALVADOR;11399
2020;8;20;SAN BLAS-CANILLEJAS;20006;REJAS;17290
2020;8;20;SAN BLAS-CANILLEJAS;20007;CANILLEJAS;29145
2020;9;20;SAN BLAS-CANILLEJAS;20001;SIMANCAS;28719
2020;9;20;SAN BLAS-CANILLEJAS;20008;EL SALVADOR;11400
2020;9;20;SAN BLAS-CANILLEJAS;20005;ROSAS;31781
2020;9;20;SAN BLAS-CANILLEJAS;20003;AMPOSTA;8923
2020;9;20;SAN BLAS-CANILLEJAS;20007;CANILLEJAS;29141
2020;9;20;SAN BLAS-CANILLEJAS;20006;REJAS;17305
2020;9;20;SAN BLAS-CANILLEJAS;20002;HELLIN;9360
2020;9;20;SAN BLAS-CANILLEJAS;20004;ARCOS;24601
2020;10;20;SAN BLAS-CANILLEJAS;20001;SIMANCAS;28731
2020;10;20;SAN BLAS-CANILLEJAS;20007;CANILLEJAS;29116
2020;10;20;SAN BLAS-CANILLEJAS;20005;ROSAS;31781
2020;10;20;SAN BLAS-CANILLEJAS;20002;HELLIN;9406
2020;10;20;SAN BLAS-CANILLEJAS;20004;ARCOS;24552
2020;10;20;SAN BLAS-CANILLEJAS;20006;REJAS;17261
2020;10;20;SAN BLAS-CANILLEJAS;20008;EL SALVADOR;11437
2020;10;20;SAN BLAS-CANILLEJAS;20003;AMPOSTA;8925
2020;11;20;SAN BLAS-CANILLEJAS;20003;AMPOSTA;8959
2020;11;20;SAN BLAS-CANILLEJAS;20008;EL SALVADOR;11413
2020;11;20;SAN BLAS-CANILLEJAS;20005;ROSAS;31665
2020;11;20;SAN BLAS-CANILLEJAS;20004;ARCOS;24645
2020;11;20;SAN BLAS-CANILLEJAS;20007;CANILLEJAS;29077
2020;11;20;SAN BLAS-CANILLEJAS;20006;REJAS;17241
2020;11;20;SAN BLAS-CANILLEJAS;20001;SIMANCAS;28700
2020;11;20;SAN BLAS-CANILLEJAS;20002;HELLIN;9403
2020;12;20;SAN BLAS-CANILLEJAS;20004;ARCOS;24705
2020;12;20;SAN BLAS-CANILLEJAS;20003;AMPOSTA;8926
2020;12;20;SAN BLAS-CANILLEJAS;20002;HELLIN;9419
2020;12;20;SAN BLAS-CANILLEJAS;20006;REJAS;17200
2020;12;20;SAN BLAS-CANILLEJAS;20005;ROSAS;31611
2020;12;20;SAN BLAS-CANILLEJAS;20007;CANILLEJAS;29065
2020;12;20;SAN BLAS-CANILLEJAS;20001;SIMANCAS;28616
2020;12;20;SAN BLAS-CANILLEJAS;20008;EL SALVADOR;11409
2020;1;6;TETUAN;6003;CASTILLEJOS;20870
2020;1;6;TETUAN;6004;ALMENARA;23134
2020;1;6;TETUAN;6005;VALDEACEDERAS;26607
2020;1;6;TETUAN;6001;BELLAS VISTAS;29993
2020;1;6;TETUAN;6002;CUATRO CAMINOS;35395
2020;1;6;TETUAN;6006;BERRUGUETE;25943
2020;2;6;TETUAN;6003;CASTILLEJOS;20818
2020;2;6;TETUAN;6006;BERRUGUETE;26058
2020;2;6;TETUAN;6001;BELLAS VISTAS;30051
2020;2;6;TETUAN;6004;ALMENARA;23139
2020;2;6;TETUAN;6005;VALDEACEDERAS;26730
2020;2;6;TETUAN;6002;CUATRO CAMINOS;35495
2020;3;6;TETUAN;6001;BELLAS VISTAS;30001
2020;3;6;TETUAN;6004;ALMENARA;23108
2020;3;6;TETUAN;6002;CUATRO CAMINOS;35524
2020;3;6;TETUAN;6005;VALDEACEDERAS;26722
2020;3;6;TETUAN;6003;CASTILLEJOS;20853
2020;3;6;TETUAN;6006;BERRUGUETE;26042
2020;4;6;TETUAN;6002;CUATRO CAMINOS;35497
2020;4;6;TETUAN;6005;VALDEACEDERAS;26691
2020;4;6;TETUAN;6001;BELLAS VISTAS;29975
2020;4;6;TETUAN;6006;BERRUGUETE;26016
2020;4;6;TETUAN;6003;CASTILLEJOS;20815
2020;4;6;TETUAN;6004;ALMENARA;23059
2020;5;6;TETUAN;6002;CUATRO CAMINOS;35530
2020;5;6;TETUAN;6004;ALMENARA;23077
2020;5;6;TETUAN;6001;BELLAS VISTAS;30014
2020;5;6;TETUAN;6006;BERRUGUETE;26018
2020;5;6;TETUAN;6005;VALDEACEDERAS;26737
2020;5;6;TETUAN;6003;CASTILLEJOS;20824
2020;6;6;TETUAN;6003;CASTILLEJOS;20703
2020;6;6;TETUAN;6006;BERRUGUETE;25884
2020;6;6;TETUAN;6002;CUATRO CAMINOS;35350
2020;6;6;TETUAN;6005;VALDEACEDERAS;26609
2020;6;6;TETUAN;6001;BELLAS VISTAS;29784
2020;6;6;TETUAN;6004;ALMENARA;22899
2020;7;6;TETUAN;6004;ALMENARA;22847
2020;7;6;TETUAN;6002;CUATRO CAMINOS;35255
2020;7;6;TETUAN;6006;BERRUGUETE;25877
2020;7;6;TETUAN;6005;VALDEACEDERAS;26662
2020;7;6;TETUAN;6003;CASTILLEJOS;20688
2020;7;6;TETUAN;6001;BELLAS VISTAS;29836
2020;8;6;TETUAN;6003;CASTILLEJOS;20689
2020;8;6;TETUAN;6004;ALMENARA;22856
2020;8;6;TETUAN;6001;BELLAS VISTAS;29817
2020;8;6;TETUAN;6002;CUATRO CAMINOS;35289
2020;8;6;TETUAN;6005;VALDEACEDERAS;26758
2020;8;6;TETUAN;6006;BERRUGUETE;25863
2020;9;6;TETUAN;6005;VALDEACEDERAS;26734
2020;9;6;TETUAN;6006;BERRUGUETE;25768
2020;9;6;TETUAN;6002;CUATRO CAMINOS;35157
2020;9;6;TETUAN;6004;ALMENARA;22894
2020;9;6;TETUAN;6001;BELLAS VISTAS;29683
2020;9;6;TETUAN;6003;CASTILLEJOS;20644
2020;10;6;TETUAN;6006;BERRUGUETE;25803
2020;10;6;TETUAN;6001;BELLAS VISTAS;29641
2020;10;6;TETUAN;6004;ALMENARA;22914
2020;10;6;TETUAN;6002;CUATRO CAMINOS;35132
2020;10;6;TETUAN;6005;VALDEACEDERAS;26802
2020;10;6;TETUAN;6003;CASTILLEJOS;20666
2020;11;6;TETUAN;6001;BELLAS VISTAS;29611
2020;11;6;TETUAN;6005;VALDEACEDERAS;26798
2020;11;6;TETUAN;6006;BERRUGUETE;25797
2020;11;6;TETUAN;6004;ALMENARA;22908
2020;11;6;TETUAN;6003;CASTILLEJOS;20651
2020;11;6;TETUAN;6002;CUATRO CAMINOS;35052
2020;12;6;TETUAN;6002;CUATRO CAMINOS;34986
2020;12;6;TETUAN;6006;BERRUGUETE;25796
2020;12;6;TETUAN;6005;VALDEACEDERAS;26743
2020;12;6;TETUAN;6001;BELLAS VISTAS;29568
2020;12;6;TETUAN;6003;CASTILLEJOS;20653
2020;12;6;TETUAN;6004;ALMENARA;22869
2020;1;12;USERA;12007;PRADOLONGO;17949
2020;1;12;USERA;12005;MOSCARDO;27207
2020;1;12;USERA;12002;ORCASUR;14236
2020;1;12;USERA;12004;ALMENDRALES;22223
2020;1;12;USERA;12006;ZOFIO;14465
2020;1;12;USERA;12001;ORCASITAS;23254
2020;1;12;USERA;12003;SAN FERMIN;24032
2020;2;12;USERA;12003;SAN FERMIN;24074
2020;2;12;USERA;12007;PRADOLONGO;18003
2020;2;12;USERA;12005;MOSCARDO;27299
2020;2;12;USERA;12002;ORCASUR;14264
2020;2;12;USERA;12006;ZOFIO;14503
2020;2;12;USERA;12004;ALMENDRALES;22322
2020;2;12;USERA;12001;ORCASITAS;23274
2020;3;12;USERA;12003;SAN FERMIN;24030
2020;3;12;USERA;12006;ZOFIO;14530
2020;3;12;USERA;12004;ALMENDRALES;22364
2020;3;12;USERA;12001;ORCASITAS;23259
2020;3;12;USERA;12007;PRADOLONGO;18019
2020;3;12;USERA;12005;MOSCARDO;27245
2020;3;12;USERA;12002;ORCASUR;14235
2020;4;12;USERA;12002;ORCASUR;14213
2020;4;12;USERA;12005;MOSCARDO;27186
2020;4;12;USERA;12006;ZOFIO;14499
2020;4;12;USERA;12004;ALMENDRALES;22370
2020;4;12;USERA;12001;ORCASITAS;23217
2020;4;12;USERA;12003;SAN FERMIN;24014
2020;4;12;USERA;12007;PRADOLONGO;17986
2020;5;12;USERA;12005;MOSCARDO;27219
2020;5;12;USERA;12004;ALMENDRALES;22427
2020;5;12;USERA;12007;PRADOLONGO;17983
2020;5;12;USERA;12001;ORCASITAS;23236
2020;5;12;USERA;12003;SAN FERMIN;24035
2020;5;12;USERA;12006;ZOFIO;14515
2020;5;12;USERA;12002;ORCASUR;14224
2020;6;12;USERA;12002;ORCASUR;14213
2020;6;12;USERA;12005;MOSCARDO;27044
2020;6;12;USERA;12004;ALMENDRALES;22339
2020;6;12;USERA;12001;ORCASITAS;23194
2020;6;12;USERA;12007;PRADOLONGO;17902
2020;6;12;USERA;12006;ZOFIO;14451
2020;6;12;USERA;12003;SAN FERMIN;23993
2020;7;12;USERA;12002;ORCASUR;14194
2020;7;12;USERA;12006;ZOFIO;14426
2020;7;12;USERA;12005;MOSCARDO;27018
2020;7;12;USERA;12007;PRADOLONGO;17926
2020;7;12;USERA;12001;ORCASITAS;23194
2020;7;12;USERA;12004;ALMENDRALES;22489
2020;7;12;USERA;12003;SAN FERMIN;23955
2020;8;12;USERA;12007;PRADOLONGO;17924
2020;8;12;USERA;12006;ZOFIO;14452
2020;8;12;USERA;12002;ORCASUR;14209
2020;8;12;USERA;12004;ALMENDRALES;22621
2020;8;12;USERA;12005;MOSCARDO;27032
2020;8;12;USERA;12003;SAN FERMIN;23981
2020;8;12;USERA;12001;ORCASITAS;23178
2020;9;12;USERA;12003;SAN FERMIN;23940
2020;9;12;USERA;12004;ALMENDRALES;22555
2020;9;12;USERA;12006;ZOFIO;14414
2020;9;12;USERA;12007;PRADOLONGO;17946
2020;9;12;USERA;12002;ORCASUR;14165
2020;9;12;USERA;12005;MOSCARDO;26893
2020;9;12;USERA;12001;ORCASITAS;23199
2020;10;12;USERA;12007;PRADOLONGO;17978
2020;10;12;USERA;12001;ORCASITAS;23224
2020;10;12;USERA;12002;ORCASUR;14201
2020;10;12;USERA;12006;ZOFIO;14405
2020;10;12;USERA;12004;ALMENDRALES;22629
2020;10;12;USERA;12003;SAN FERMIN;23993
2020;10;12;USERA;12005;MOSCARDO;26853
2020;11;12;USERA;12006;ZOFIO;14420
2020;11;12;USERA;12002;ORCASUR;14207
2020;11;12;USERA;12003;SAN FERMIN;23951
2020;11;12;USERA;12001;ORCASITAS;23234
2020;11;12;USERA;12005;MOSCARDO;26810
2020;11;12;USERA;12007;PRADOLONGO;18006
2020;11;12;USERA;12004;ALMENDRALES;22668
2020;12;12;USERA;12003;SAN FERMIN;23915
2020;12;12;USERA;12005;MOSCARDO;26758
2020;12;12;USERA;12006;ZOFIO;14398
2020;12;12;USERA;12001;ORCASITAS;23194
2020;12;12;USERA;12004;ALMENDRALES;22623
2020;12;12;USERA;12007;PRADOLONGO;17987
2020;12;12;USERA;12002;ORCASUR;14212
2020;1;19;VICALVARO;19002;VALDEBERNARDO;17851
2020;1;19;VICALVARO;19001;CASCO H.VICALVARO;35894
2020;1;19;VICALVARO;19004;EL CAÑAVERAL;2479
2020;1;19;VICALVARO;19003;VALDERRIVAS;18195
2020;2;19;VICALVARO;19001;CASCO H.VICALVARO;35951
2020;2;19;VICALVARO;19003;VALDERRIVAS;18175
2020;2;19;VICALVARO;19004;EL CAÑAVERAL;2565
2020;2;19;VICALVARO;19002;VALDEBERNARDO;17862
2020;3;19;VICALVARO;19002;VALDEBERNARDO;17850
2020;3;19;VICALVARO;19003;VALDERRIVAS;18164
2020;3;19;VICALVARO;19001;CASCO H.VICALVARO;35940
2020;3;19;VICALVARO;19004;EL CAÑAVERAL;2613
2020;4;19;VICALVARO;19003;VALDERRIVAS;18151
2020;4;19;VICALVARO;19002;VALDEBERNARDO;17833
2020;4;19;VICALVARO;19001;CASCO H.VICALVARO;35907
2020;4;19;VICALVARO;19004;EL CAÑAVERAL;2648
2020;5;19;VICALVARO;19001;CASCO H.VICALVARO;35935
2020;5;19;VICALVARO;19003;VALDERRIVAS;18159
2020;5;19;VICALVARO;19002;VALDEBERNARDO;17840
2020;5;19;VICALVARO;19004;EL CAÑAVERAL;2700
2020;6;19;VICALVARO;19002;VALDEBERNARDO;17810
2020;6;19;VICALVARO;19003;VALDERRIVAS;18148
2020;6;19;VICALVARO;19001;CASCO H.VICALVARO;35828
2020;6;19;VICALVARO;19004;EL CAÑAVERAL;2789
2020;7;19;VICALVARO;19001;CASCO H.VICALVARO;35767
2020;7;19;VICALVARO;19002;VALDEBERNARDO;17738
2020;7;19;VICALVARO;19003;VALDERRIVAS;18132
2020;7;19;VICALVARO;19004;EL CAÑAVERAL;2936
2020;8;19;VICALVARO;19003;VALDERRIVAS;18127
2020;8;19;VICALVARO;19001;CASCO H.VICALVARO;35750
2020;8;19;VICALVARO;19004;EL CAÑAVERAL;3214
2020;8;19;VICALVARO;19002;VALDEBERNARDO;17738
2020;9;19;VICALVARO;19004;EL CAÑAVERAL;3455
2020;9;19;VICALVARO;19003;VALDERRIVAS;18090
2020;9;19;VICALVARO;19001;CASCO H.VICALVARO;35707
2020;9;19;VICALVARO;19002;VALDEBERNARDO;17717
2020;10;19;VICALVARO;19004;EL CAÑAVERAL;3811
2020;10;19;VICALVARO;19003;VALDERRIVAS;18066
2020;10;19;VICALVARO;19001;CASCO H.VICALVARO;35742
2020;10;19;VICALVARO;19002;VALDEBERNARDO;17678
2020;11;19;VICALVARO;19004;EL CAÑAVERAL;4242
2020;11;19;VICALVARO;19001;CASCO H.VICALVARO;35723
2020;11;19;VICALVARO;19003;VALDERRIVAS;18035
2020;11;19;VICALVARO;19002;VALDEBERNARDO;17646
2020;12;19;VICALVARO;19003;VALDERRIVAS;18008
2020;12;19;VICALVARO;19002;VALDEBERNARDO;17628
2020;12;19;VICALVARO;19001;CASCO H.VICALVARO;35675
2020;12;19;VICALVARO;19004;EL CAÑAVERAL;4421
2020;1;18;VILLA DE VALLECAS;18002;SANTA EUGENIA;24746
2020;1;18;VILLA DE VALLECAS;18001;CASCO H.VALLECAS;41125
2020;1;18;VILLA DE VALLECAS;18003;ENSANCHE DE VALLECAS;49290
2020;2;18;VILLA DE VALLECAS;18003;ENSANCHE DE VALLECAS;49484
2020;2;18;VILLA DE VALLECAS;18001;CASCO H.VALLECAS;41120
2020;2;18;VILLA DE VALLECAS;18002;SANTA EUGENIA;24782
2020;3;18;VILLA DE VALLECAS;18001;CASCO H.VALLECAS;41076
2020;3;18;VILLA DE VALLECAS;18003;ENSANCHE DE VALLECAS;49513
2020;3;18;VILLA DE VALLECAS;18002;SANTA EUGENIA;24774
2020;4;18;VILLA DE VALLECAS;18001;CASCO H.VALLECAS;41020
2020;4;18;VILLA DE VALLECAS;18002;SANTA EUGENIA;24752
2020;4;18;VILLA DE VALLECAS;18003;ENSANCHE DE VALLECAS;49582
2020;5;18;VILLA DE VALLECAS;18003;ENSANCHE DE VALLECAS;49745
2020;5;18;VILLA DE VALLECAS;18001;CASCO H.VALLECAS;41053
2020;5;18;VILLA DE VALLECAS;18002;SANTA EUGENIA;24772
2020;6;18;VILLA DE VALLECAS;18002;SANTA EUGENIA;24714
2020;6;18;VILLA DE VALLECAS;18001;CASCO H.VALLECAS;40989
2020;6;18;VILLA DE VALLECAS;18003;ENSANCHE DE VALLECAS;49782
2020;7;18;VILLA DE VALLECAS;18002;SANTA EUGENIA;24600
2020;7;18;VILLA DE VALLECAS;18001;CASCO H.VALLECAS;40814
2020;7;18;VILLA DE VALLECAS;18003;ENSANCHE DE VALLECAS;49805
2020;8;18;VILLA DE VALLECAS;18001;CASCO H.VALLECAS;40771
2020;8;18;VILLA DE VALLECAS;18003;ENSANCHE DE VALLECAS;49976
2020;8;18;VILLA DE VALLECAS;18002;SANTA EUGENIA;24531
2020;9;18;VILLA DE VALLECAS;18002;SANTA EUGENIA;24535
2020;9;18;VILLA DE VALLECAS;18003;ENSANCHE DE VALLECAS;50064
2020;9;18;VILLA DE VALLECAS;18001;CASCO H.VALLECAS;40666
2020;10;18;VILLA DE VALLECAS;18003;ENSANCHE DE VALLECAS;50259
2020;10;18;VILLA DE VALLECAS;18001;CASCO H.VALLECAS;40624
2020;10;18;VILLA DE VALLECAS;18002;SANTA EUGENIA;24494
2020;11;18;VILLA DE VALLECAS;18002;SANTA EUGENIA;24424
2020;11;18;VILLA DE VALLECAS;18003;ENSANCHE DE VALLECAS;50380
2020;11;18;VILLA DE VALLECAS;18001;CASCO H.VALLECAS;40485
2020;12;18;VILLA DE VALLECAS;18003;ENSANCHE DE VALLECAS;50396
2020;12;18;VILLA DE VALLECAS;18001;CASCO H.VALLECAS;40384
2020;12;18;VILLA DE VALLECAS;18002;SANTA EUGENIA;24395
2020;1;17;VILLAVERDE;17001;VILLAVERDE ALTO C.H.;46991
2020;1;17;VILLAVERDE;17002;SAN CRISTOBAL;16969
2020;1;17;VILLAVERDE;17003;BUTARQUE;20180
2020;1;17;VILLAVERDE;17004;LOS ROSALES;38282
2020;1;17;VILLAVERDE;17005;LOS ANGELES;32785
2020;2;17;VILLAVERDE;17005;LOS ANGELES;32876
2020;2;17;VILLAVERDE;17002;SAN CRISTOBAL;17030
2020;2;17;VILLAVERDE;17001;VILLAVERDE ALTO C.H.;47094
2020;2;17;VILLAVERDE;17003;BUTARQUE;20309
2020;2;17;VILLAVERDE;17004;LOS ROSALES;38355
2020;3;17;VILLAVERDE;17002;SAN CRISTOBAL;16969
2020;3;17;VILLAVERDE;17005;LOS ANGELES;32894
2020;3;17;VILLAVERDE;17003;BUTARQUE;20286
2020;3;17;VILLAVERDE;17004;LOS ROSALES;38304
2020;3;17;VILLAVERDE;17001;VILLAVERDE ALTO C.H.;47083
2020;4;17;VILLAVERDE;17001;VILLAVERDE ALTO C.H.;47029
2020;4;17;VILLAVERDE;17003;BUTARQUE;20317
2020;4;17;VILLAVERDE;17004;LOS ROSALES;38219
2020;4;17;VILLAVERDE;17002;SAN CRISTOBAL;16954
2020;4;17;VILLAVERDE;17005;LOS ANGELES;32869
2020;5;17;VILLAVERDE;17002;SAN CRISTOBAL;16969
2020;5;17;VILLAVERDE;17005;LOS ANGELES;32892
2020;5;17;VILLAVERDE;17001;VILLAVERDE ALTO C.H.;47057
2020;5;17;VILLAVERDE;17004;LOS ROSALES;38236
2020;5;17;VILLAVERDE;17003;BUTARQUE;20401
2020;6;17;VILLAVERDE;17002;SAN CRISTOBAL;16893
2020;6;17;VILLAVERDE;17005;LOS ANGELES;32777
2020;6;17;VILLAVERDE;17001;VILLAVERDE ALTO C.H.;46867
2020;6;17;VILLAVERDE;17004;LOS ROSALES;38191
2020;6;17;VILLAVERDE;17003;BUTARQUE;20420
2020;7;17;VILLAVERDE;17003;BUTARQUE;20466
2020;7;17;VILLAVERDE;17002;SAN CRISTOBAL;16971
2020;7;17;VILLAVERDE;17005;LOS ANGELES;32764
2020;7;17;VILLAVERDE;17001;VILLAVERDE ALTO C.H.;46884
2020;7;17;VILLAVERDE;17004;LOS ROSALES;38191
2020;8;17;VILLAVERDE;17002;SAN CRISTOBAL;17065
2020;8;17;VILLAVERDE;17004;LOS ROSALES;38166
2020;8;17;VILLAVERDE;17003;BUTARQUE;20522
2020;8;17;VILLAVERDE;17005;LOS ANGELES;32832
2020;8;17;VILLAVERDE;17001;VILLAVERDE ALTO C.H.;46873
2020;9;17;VILLAVERDE;17005;LOS ANGELES;32825
2020;9;17;VILLAVERDE;17001;VILLAVERDE ALTO C.H.;46812
2020;9;17;VILLAVERDE;17004;LOS ROSALES;38122
2020;9;17;VILLAVERDE;17003;BUTARQUE;20621
2020;9;17;VILLAVERDE;17002;SAN CRISTOBAL;17009
2020;10;17;VILLAVERDE;17003;BUTARQUE;20690
2020;10;17;VILLAVERDE;17001;VILLAVERDE ALTO C.H.;46892
2020;10;17;VILLAVERDE;17005;LOS ANGELES;32845
2020;10;17;VILLAVERDE;17002;SAN CRISTOBAL;17046
2020;10;17;VILLAVERDE;17004;LOS ROSALES;38117
2020;11;17;VILLAVERDE;17003;BUTARQUE;20735
2020;11;17;VILLAVERDE;17005;LOS ANGELES;32892
2020;11;17;VILLAVERDE;17001;VILLAVERDE ALTO C.H.;46864
2020;11;17;VILLAVERDE;17004;LOS ROSALES;38035
2020;11;17;VILLAVERDE;17002;SAN CRISTOBAL;17051
2020;12;17;VILLAVERDE;17001;VILLAVERDE ALTO C.H.;46836
2020;12;17;VILLAVERDE;17003;BUTARQUE;20766
2020;12;17;VILLAVERDE;17005;LOS ANGELES;32828
2020;12;17;VILLAVERDE;17002;SAN CRISTOBAL;17059
2020;12;17;VILLAVERDE;17004;LOS ROSALES;37961
